[
{
  "model": "auth.group",
  "pk": 1,
  "fields": {
    "name": "wordpress_editor",
    "permissions": []
  }
},
{
  "model": "auth.group",
  "pk": 2,
  "fields": {
    "name": "wordpress_admin",
    "permissions": []
  }
},
{
  "model": "auth.group",
  "pk": 3,
  "fields": {
    "name": "contact_manager",
    "permissions": [
      33,
      34,
      35,
      36
    ]
  }
},
{
  "model": "auth.group",
  "pk": 4,
  "fields": {
    "name": "meetings_manager",
    "permissions": []
  }
},
{
  "model": "auth.group",
  "pk": 5,
  "fields": {
    "name": "metadata_manager",
    "permissions": [
      49,
      50,
      51,
      52,
      53,
      54,
      55,
      56,
      61,
      62,
      63,
      64,
      57,
      58,
      59,
      60
    ]
  }
},
{
  "model": "auth.group",
  "pk": 6,
  "fields": {
    "name": "stats_manager",
    "permissions": [
      88
    ]
  }
},
{
  "model": "auth.group",
  "pk": 7,
  "fields": {
    "name": "query_manager",
    "permissions": [
      73,
      74,
      75,
      76
    ]
  }
},
{
  "model": "auth.group",
  "pk": 8,
  "fields": {
    "name": "user_manager",
    "permissions": [
      30,
      32
    ]
  }
},
{
  "model": "auth.user",
  "pk": 1,
  "fields": {
    "password": "pbkdf2_sha256$320000$VTXjXLd38BROxIMy7YbJgB$b3CRLMvPOc6SWsUL3noz/b7ETb0efhnnGHs5qmM1GG0=",
    "last_login": "2024-03-20T23:58:15.375Z",
    "is_superuser": true,
    "username": "gverde",
    "first_name": "",
    "last_name": "",
    "email": "glauber.costa@linea.org.br",
    "is_staff": true,
    "is_active": true,
    "date_joined": "2024-03-20T23:02:43.055Z",
    "groups": [],
    "user_permissions": []
  }
},
{
  "model": "contenttypes.contenttype",
  "pk": 1,
  "fields": {
    "app_label": "admin",
    "model": "logentry"
  }
},
{
  "model": "contenttypes.contenttype",
  "pk": 2,
  "fields": {
    "app_label": "auth",
    "model": "permission"
  }
},
{
  "model": "contenttypes.contenttype",
  "pk": 3,
  "fields": {
    "app_label": "auth",
    "model": "group"
  }
},
{
  "model": "contenttypes.contenttype",
  "pk": 4,
  "fields": {
    "app_label": "auth",
    "model": "user"
  }
},
{
  "model": "contenttypes.contenttype",
  "pk": 5,
  "fields": {
    "app_label": "contenttypes",
    "model": "contenttype"
  }
},
{
  "model": "contenttypes.contenttype",
  "pk": 6,
  "fields": {
    "app_label": "sessions",
    "model": "session"
  }
},
{
  "model": "contenttypes.contenttype",
  "pk": 7,
  "fields": {
    "app_label": "sites",
    "model": "site"
  }
},
{
  "model": "contenttypes.contenttype",
  "pk": 8,
  "fields": {
    "app_label": "daiquiri_auth",
    "model": "profile"
  }
},
{
  "model": "contenttypes.contenttype",
  "pk": 9,
  "fields": {
    "app_label": "daiquiri_contact",
    "model": "contactmessage"
  }
},
{
  "model": "contenttypes.contenttype",
  "pk": 10,
  "fields": {
    "app_label": "daiquiri_datalink",
    "model": "datalink"
  }
},
{
  "model": "contenttypes.contenttype",
  "pk": 11,
  "fields": {
    "app_label": "daiquiri_files",
    "model": "directory"
  }
},
{
  "model": "contenttypes.contenttype",
  "pk": 12,
  "fields": {
    "app_label": "daiquiri_jobs",
    "model": "job"
  }
},
{
  "model": "contenttypes.contenttype",
  "pk": 13,
  "fields": {
    "app_label": "daiquiri_metadata",
    "model": "column"
  }
},
{
  "model": "contenttypes.contenttype",
  "pk": 14,
  "fields": {
    "app_label": "daiquiri_metadata",
    "model": "function"
  }
},
{
  "model": "contenttypes.contenttype",
  "pk": 15,
  "fields": {
    "app_label": "daiquiri_metadata",
    "model": "table"
  }
},
{
  "model": "contenttypes.contenttype",
  "pk": 16,
  "fields": {
    "app_label": "daiquiri_metadata",
    "model": "schema"
  }
},
{
  "model": "contenttypes.contenttype",
  "pk": 17,
  "fields": {
    "app_label": "daiquiri_oai",
    "model": "record"
  }
},
{
  "model": "contenttypes.contenttype",
  "pk": 18,
  "fields": {
    "app_label": "daiquiri_query",
    "model": "queryjob"
  }
},
{
  "model": "contenttypes.contenttype",
  "pk": 19,
  "fields": {
    "app_label": "daiquiri_query",
    "model": "example"
  }
},
{
  "model": "contenttypes.contenttype",
  "pk": 20,
  "fields": {
    "app_label": "daiquiri_query",
    "model": "downloadjob"
  }
},
{
  "model": "contenttypes.contenttype",
  "pk": 21,
  "fields": {
    "app_label": "daiquiri_query",
    "model": "queryarchivejob"
  }
},
{
  "model": "contenttypes.contenttype",
  "pk": 22,
  "fields": {
    "app_label": "daiquiri_stats",
    "model": "record"
  }
},
{
  "model": "contenttypes.contenttype",
  "pk": 23,
  "fields": {
    "app_label": "daiquiri_tap",
    "model": "column"
  }
},
{
  "model": "contenttypes.contenttype",
  "pk": 24,
  "fields": {
    "app_label": "daiquiri_tap",
    "model": "schema"
  }
},
{
  "model": "contenttypes.contenttype",
  "pk": 25,
  "fields": {
    "app_label": "daiquiri_tap",
    "model": "table"
  }
},
{
  "model": "contenttypes.contenttype",
  "pk": 26,
  "fields": {
    "app_label": "authtoken",
    "model": "token"
  }
},
{
  "model": "contenttypes.contenttype",
  "pk": 27,
  "fields": {
    "app_label": "authtoken",
    "model": "tokenproxy"
  }
},
{
  "model": "contenttypes.contenttype",
  "pk": 28,
  "fields": {
    "app_label": "account",
    "model": "emailaddress"
  }
},
{
  "model": "contenttypes.contenttype",
  "pk": 29,
  "fields": {
    "app_label": "account",
    "model": "emailconfirmation"
  }
},
{
  "model": "contenttypes.contenttype",
  "pk": 30,
  "fields": {
    "app_label": "socialaccount",
    "model": "socialaccount"
  }
},
{
  "model": "contenttypes.contenttype",
  "pk": 31,
  "fields": {
    "app_label": "socialaccount",
    "model": "socialapp"
  }
},
{
  "model": "contenttypes.contenttype",
  "pk": 32,
  "fields": {
    "app_label": "socialaccount",
    "model": "socialtoken"
  }
},
{
  "model": "sessions.session",
  "pk": "6wpibah2yvxlxm50rbwuqzh6l4fevxdt",
  "fields": {
    "session_data": ".eJxVjEEOwiAURO_C2hALFD5duvcM5AO_FjVgoE00xrvbJl3oZhYzb96bOVzmyS2NqkuRDaxjh9_OY7hR3oZ4xXwpPJQ81-T5hvB9bfxcIt1PO_snmLBN61sIMJYsCAvBCzXSGgC97UPsFEpCEaRVWoIZfa9VZ7TR6MF4iGFEITdpo9ZSyY6ej1RfbDh-vmTdPqQ:1rn5p1:ezdJJZ5ydT8RuDcR8Z2GpnGg6irZngOsphN44cY0-Lg",
    "expire_date": "2024-04-03T23:58:15.378Z"
  }
},
{
  "model": "sites.site",
  "pk": 1,
  "fields": {
    "domain": "example.com",
    "name": "example.com"
  }
},
{
  "model": "daiquiri_auth.profile",
  "pk": 1,
  "fields": {
    "user": 1,
    "is_pending": false,
    "is_confirmed": false,
    "details": null,
    "attributes": null,
    "consent": false
  }
},
{
  "model": "daiquiri_metadata.schema",
  "pk": 1,
  "fields": {
    "order": 1000,
    "name": "tap_schema",
    "title": "",
    "description": "The TAP SCHEMA of the service",
    "long_description": "",
    "attribution": "",
    "license": "",
    "doi": "",
    "related_identifiers": [],
    "utype": "",
    "creators": [],
    "contributors": [],
    "published": null,
    "updated": null,
    "access_level": "PUBLIC",
    "metadata_access_level": "PUBLIC",
    "groups": []
  }
},
{
  "model": "daiquiri_metadata.schema",
  "pk": 2,
  "fields": {
    "order": 1,
    "name": "des_dr2",
    "title": "DES DR2",
    "description": "DES DR2 Schema\nSample data only for development.",
    "long_description": "",
    "attribution": "",
    "license": "",
    "doi": "",
    "related_identifiers": [],
    "utype": "",
    "creators": [],
    "contributors": [],
    "published": null,
    "updated": null,
    "access_level": "PUBLIC",
    "metadata_access_level": "PUBLIC",
    "groups": []
  }
},
{
  "model": "daiquiri_metadata.schema",
  "pk": 3,
  "fields": {
    "order": 2,
    "name": "gaia",
    "title": "GAIA DR2",
    "description": "GAIA DR2\nSample table only for development",
    "long_description": "",
    "attribution": "",
    "license": "",
    "doi": "",
    "related_identifiers": [],
    "utype": "",
    "creators": [],
    "contributors": [],
    "published": null,
    "updated": null,
    "access_level": "PUBLIC",
    "metadata_access_level": "PUBLIC",
    "groups": []
  }
},
{
  "model": "daiquiri_metadata.table",
  "pk": 1,
  "fields": {
    "schema": 1,
    "order": 1,
    "name": "schemas",
    "title": "",
    "description": "The table of schemas for the service",
    "long_description": "",
    "attribution": "",
    "license": "",
    "doi": "",
    "related_identifiers": [],
    "type": "table",
    "nrows": null,
    "size": null,
    "utype": "",
    "creators": [],
    "contributors": [],
    "published": null,
    "updated": null,
    "access_level": "PUBLIC",
    "metadata_access_level": "PUBLIC",
    "groups": []
  }
},
{
  "model": "daiquiri_metadata.table",
  "pk": 2,
  "fields": {
    "schema": 1,
    "order": 2,
    "name": "tables",
    "title": "",
    "description": "The table of tables for the service",
    "long_description": "",
    "attribution": "",
    "license": "",
    "doi": "",
    "related_identifiers": [],
    "type": "table",
    "nrows": null,
    "size": null,
    "utype": "",
    "creators": [],
    "contributors": [],
    "published": null,
    "updated": null,
    "access_level": "PUBLIC",
    "metadata_access_level": "PUBLIC",
    "groups": []
  }
},
{
  "model": "daiquiri_metadata.table",
  "pk": 3,
  "fields": {
    "schema": 1,
    "order": 3,
    "name": "columns",
    "title": "",
    "description": "The table of columns of the service",
    "long_description": "",
    "attribution": "",
    "license": "",
    "doi": "",
    "related_identifiers": [],
    "type": "table",
    "nrows": null,
    "size": null,
    "utype": "",
    "creators": [],
    "contributors": [],
    "published": null,
    "updated": null,
    "access_level": "PUBLIC",
    "metadata_access_level": "PUBLIC",
    "groups": []
  }
},
{
  "model": "daiquiri_metadata.table",
  "pk": 4,
  "fields": {
    "schema": 1,
    "order": 4,
    "name": "datalink",
    "title": "",
    "description": "The table of datalinks for the service",
    "long_description": "",
    "attribution": "",
    "license": "",
    "doi": "",
    "related_identifiers": [],
    "type": "table",
    "nrows": null,
    "size": null,
    "utype": "",
    "creators": [],
    "contributors": [],
    "published": null,
    "updated": null,
    "access_level": "PUBLIC",
    "metadata_access_level": "PUBLIC",
    "groups": []
  }
},
{
  "model": "daiquiri_metadata.table",
  "pk": 5,
  "fields": {
    "schema": 2,
    "order": null,
    "name": "coadd_objects",
    "title": "DES DR2 Coadd Objects",
    "description": "Coadd Objects table\nSample data only for development.",
    "long_description": "",
    "attribution": "",
    "license": "",
    "doi": "",
    "related_identifiers": [],
    "type": "table",
    "nrows": null,
    "size": null,
    "utype": "",
    "creators": [],
    "contributors": [],
    "published": null,
    "updated": null,
    "access_level": "PUBLIC",
    "metadata_access_level": "PUBLIC",
    "groups": []
  }
},
{
  "model": "daiquiri_metadata.table",
  "pk": 6,
  "fields": {
    "schema": 3,
    "order": null,
    "name": "gaia_dr2",
    "title": "GAIA DR2",
    "description": "GAIA DR2 Table \nSample data only for development",
    "long_description": "",
    "attribution": "",
    "license": "",
    "doi": "",
    "related_identifiers": [],
    "type": "table",
    "nrows": null,
    "size": null,
    "utype": "",
    "creators": [],
    "contributors": [],
    "published": null,
    "updated": null,
    "access_level": "PUBLIC",
    "metadata_access_level": "PUBLIC",
    "groups": []
  }
},
{
  "model": "daiquiri_metadata.column",
  "pk": 1,
  "fields": {
    "table": 1,
    "order": 1,
    "name": "id",
    "description": "Internal ID of the schema",
    "unit": "",
    "ucd": "",
    "utype": "",
    "datatype": "integer",
    "arraysize": null,
    "principal": false,
    "indexed": false,
    "std": false,
    "index_for": "",
    "access_level": "PUBLIC",
    "metadata_access_level": "PUBLIC",
    "groups": []
  }
},
{
  "model": "daiquiri_metadata.column",
  "pk": 2,
  "fields": {
    "table": 1,
    "order": 2,
    "name": "schema_name",
    "description": "The name of the schema",
    "unit": "",
    "ucd": "",
    "utype": "",
    "datatype": "char",
    "arraysize": 256,
    "principal": false,
    "indexed": false,
    "std": true,
    "index_for": "",
    "access_level": "PUBLIC",
    "metadata_access_level": "PUBLIC",
    "groups": []
  }
},
{
  "model": "daiquiri_metadata.column",
  "pk": 3,
  "fields": {
    "table": 1,
    "order": 3,
    "name": "utype",
    "description": "The IVOA UTYPE of the schema",
    "unit": "",
    "ucd": "",
    "utype": "",
    "datatype": "char",
    "arraysize": 256,
    "principal": false,
    "indexed": false,
    "std": true,
    "index_for": "",
    "access_level": "PUBLIC",
    "metadata_access_level": "PUBLIC",
    "groups": []
  }
},
{
  "model": "daiquiri_metadata.column",
  "pk": 4,
  "fields": {
    "table": 1,
    "order": 4,
    "name": "description",
    "description": "The description of the schema",
    "unit": "",
    "ucd": "",
    "utype": "",
    "datatype": "char",
    "arraysize": 256,
    "principal": false,
    "indexed": false,
    "std": true,
    "index_for": "",
    "access_level": "PUBLIC",
    "metadata_access_level": "PUBLIC",
    "groups": []
  }
},
{
  "model": "daiquiri_metadata.column",
  "pk": 5,
  "fields": {
    "table": 2,
    "order": 1,
    "name": "id",
    "description": "Internal ID of the table",
    "unit": "",
    "ucd": "",
    "utype": "",
    "datatype": "integer",
    "arraysize": null,
    "principal": false,
    "indexed": false,
    "std": false,
    "index_for": "",
    "access_level": "PUBLIC",
    "metadata_access_level": "PUBLIC",
    "groups": []
  }
},
{
  "model": "daiquiri_metadata.column",
  "pk": 6,
  "fields": {
    "table": 2,
    "order": 2,
    "name": "schema_name",
    "description": "The name of the schema of the table",
    "unit": "",
    "ucd": "",
    "utype": "",
    "datatype": "char",
    "arraysize": 256,
    "principal": false,
    "indexed": false,
    "std": true,
    "index_for": "",
    "access_level": "PUBLIC",
    "metadata_access_level": "PUBLIC",
    "groups": []
  }
},
{
  "model": "daiquiri_metadata.column",
  "pk": 7,
  "fields": {
    "table": 2,
    "order": 3,
    "name": "table_name",
    "description": "The name of the table",
    "unit": "",
    "ucd": "",
    "utype": "",
    "datatype": "char",
    "arraysize": 256,
    "principal": false,
    "indexed": false,
    "std": true,
    "index_for": "",
    "access_level": "PUBLIC",
    "metadata_access_level": "PUBLIC",
    "groups": []
  }
},
{
  "model": "daiquiri_metadata.column",
  "pk": 8,
  "fields": {
    "table": 2,
    "order": 4,
    "name": "table_type",
    "description": "The type of the table (table or view)",
    "unit": "",
    "ucd": "",
    "utype": "",
    "datatype": "char",
    "arraysize": 256,
    "principal": false,
    "indexed": false,
    "std": true,
    "index_for": "",
    "access_level": "PUBLIC",
    "metadata_access_level": "PUBLIC",
    "groups": []
  }
},
{
  "model": "daiquiri_metadata.column",
  "pk": 9,
  "fields": {
    "table": 2,
    "order": 5,
    "name": "utype",
    "description": "The IVOA UTYPE of the table",
    "unit": "",
    "ucd": "",
    "utype": "",
    "datatype": "char",
    "arraysize": 256,
    "principal": false,
    "indexed": false,
    "std": true,
    "index_for": "",
    "access_level": "PUBLIC",
    "metadata_access_level": "PUBLIC",
    "groups": []
  }
},
{
  "model": "daiquiri_metadata.column",
  "pk": 10,
  "fields": {
    "table": 2,
    "order": 6,
    "name": "description",
    "description": "The description of the table",
    "unit": "",
    "ucd": "",
    "utype": "",
    "datatype": "char",
    "arraysize": 256,
    "principal": false,
    "indexed": false,
    "std": true,
    "index_for": "",
    "access_level": "PUBLIC",
    "metadata_access_level": "PUBLIC",
    "groups": []
  }
},
{
  "model": "daiquiri_metadata.column",
  "pk": 11,
  "fields": {
    "table": 2,
    "order": 7,
    "name": "table_index",
    "description": "The ordering index of the table",
    "unit": "",
    "ucd": "",
    "utype": "",
    "datatype": "integer",
    "arraysize": null,
    "principal": false,
    "indexed": false,
    "std": true,
    "index_for": "",
    "access_level": "PUBLIC",
    "metadata_access_level": "PUBLIC",
    "groups": []
  }
},
{
  "model": "daiquiri_metadata.column",
  "pk": 12,
  "fields": {
    "table": 2,
    "order": 8,
    "name": "schema_id",
    "description": "The foreign key to the schema of this table",
    "unit": "",
    "ucd": "",
    "utype": "",
    "datatype": "integer",
    "arraysize": null,
    "principal": false,
    "indexed": false,
    "std": false,
    "index_for": "",
    "access_level": "PUBLIC",
    "metadata_access_level": "PUBLIC",
    "groups": []
  }
},
{
  "model": "daiquiri_metadata.column",
  "pk": 13,
  "fields": {
    "table": 3,
    "order": 1,
    "name": "id",
    "description": "Internal ID of the column",
    "unit": "",
    "ucd": "",
    "utype": "",
    "datatype": "integer",
    "arraysize": null,
    "principal": false,
    "indexed": false,
    "std": true,
    "index_for": "",
    "access_level": "PUBLIC",
    "metadata_access_level": "PUBLIC",
    "groups": []
  }
},
{
  "model": "daiquiri_metadata.column",
  "pk": 14,
  "fields": {
    "table": 3,
    "order": 2,
    "name": "table_name",
    "description": "The name of the table of the column",
    "unit": "",
    "ucd": "",
    "utype": "",
    "datatype": "char",
    "arraysize": 256,
    "principal": false,
    "indexed": false,
    "std": true,
    "index_for": "",
    "access_level": "PUBLIC",
    "metadata_access_level": "PUBLIC",
    "groups": []
  }
},
{
  "model": "daiquiri_metadata.column",
  "pk": 15,
  "fields": {
    "table": 3,
    "order": 3,
    "name": "column_name",
    "description": "The name of the column",
    "unit": "",
    "ucd": "",
    "utype": "",
    "datatype": "char",
    "arraysize": 256,
    "principal": false,
    "indexed": false,
    "std": true,
    "index_for": "",
    "access_level": "PUBLIC",
    "metadata_access_level": "PUBLIC",
    "groups": []
  }
},
{
  "model": "daiquiri_metadata.column",
  "pk": 16,
  "fields": {
    "table": 3,
    "order": 4,
    "name": "datatype",
    "description": "The datatype of the column",
    "unit": "",
    "ucd": "",
    "utype": "",
    "datatype": "char",
    "arraysize": 256,
    "principal": false,
    "indexed": false,
    "std": true,
    "index_for": "",
    "access_level": "PUBLIC",
    "metadata_access_level": "PUBLIC",
    "groups": []
  }
},
{
  "model": "daiquiri_metadata.column",
  "pk": 17,
  "fields": {
    "table": 3,
    "order": 5,
    "name": "arraysize",
    "description": "The size of the column for variable length datatypes",
    "unit": "",
    "ucd": "",
    "utype": "",
    "datatype": "integer",
    "arraysize": null,
    "principal": false,
    "indexed": false,
    "std": true,
    "index_for": "",
    "access_level": "PUBLIC",
    "metadata_access_level": "PUBLIC",
    "groups": []
  }
},
{
  "model": "daiquiri_metadata.column",
  "pk": 18,
  "fields": {
    "table": 3,
    "order": 6,
    "name": "size",
    "description": "The size of the column for variable length datatypes (legacy)",
    "unit": "",
    "ucd": "",
    "utype": "",
    "datatype": "integer",
    "arraysize": null,
    "principal": false,
    "indexed": false,
    "std": true,
    "index_for": "",
    "access_level": "PUBLIC",
    "metadata_access_level": "PUBLIC",
    "groups": []
  }
},
{
  "model": "daiquiri_metadata.column",
  "pk": 19,
  "fields": {
    "table": 3,
    "order": 7,
    "name": "description",
    "description": "The description of the column",
    "unit": "",
    "ucd": "",
    "utype": "",
    "datatype": "char",
    "arraysize": 256,
    "principal": false,
    "indexed": false,
    "std": true,
    "index_for": "",
    "access_level": "PUBLIC",
    "metadata_access_level": "PUBLIC",
    "groups": []
  }
},
{
  "model": "daiquiri_metadata.column",
  "pk": 20,
  "fields": {
    "table": 3,
    "order": 8,
    "name": "utype",
    "description": "The IVOA UTYPE of the column",
    "unit": "",
    "ucd": "",
    "utype": "",
    "datatype": "char",
    "arraysize": 256,
    "principal": false,
    "indexed": false,
    "std": true,
    "index_for": "",
    "access_level": "PUBLIC",
    "metadata_access_level": "PUBLIC",
    "groups": []
  }
},
{
  "model": "daiquiri_metadata.column",
  "pk": 21,
  "fields": {
    "table": 3,
    "order": 9,
    "name": "unit",
    "description": "The Unit of the column",
    "unit": "",
    "ucd": "",
    "utype": "",
    "datatype": "char",
    "arraysize": 256,
    "principal": false,
    "indexed": false,
    "std": true,
    "index_for": "",
    "access_level": "PUBLIC",
    "metadata_access_level": "PUBLIC",
    "groups": []
  }
},
{
  "model": "daiquiri_metadata.column",
  "pk": 22,
  "fields": {
    "table": 3,
    "order": 10,
    "name": "ucd",
    "description": "The IVOA UCD of the column",
    "unit": "",
    "ucd": "",
    "utype": "",
    "datatype": "char",
    "arraysize": 256,
    "principal": false,
    "indexed": false,
    "std": true,
    "index_for": "",
    "access_level": "PUBLIC",
    "metadata_access_level": "PUBLIC",
    "groups": []
  }
},
{
  "model": "daiquiri_metadata.column",
  "pk": 23,
  "fields": {
    "table": 3,
    "order": 11,
    "name": "principal",
    "description": "Designates if the column is considered a core part of the service",
    "unit": "",
    "ucd": "",
    "utype": "",
    "datatype": "boolean",
    "arraysize": null,
    "principal": false,
    "indexed": false,
    "std": true,
    "index_for": "",
    "access_level": "PUBLIC",
    "metadata_access_level": "PUBLIC",
    "groups": []
  }
},
{
  "model": "daiquiri_metadata.column",
  "pk": 24,
  "fields": {
    "table": 3,
    "order": 12,
    "name": "indexed",
    "description": "Designates if the column is indexed",
    "unit": "",
    "ucd": "",
    "utype": "",
    "datatype": "boolean",
    "arraysize": null,
    "principal": false,
    "indexed": false,
    "std": true,
    "index_for": "",
    "access_level": "PUBLIC",
    "metadata_access_level": "PUBLIC",
    "groups": []
  }
},
{
  "model": "daiquiri_metadata.column",
  "pk": 25,
  "fields": {
    "table": 3,
    "order": 13,
    "name": "std",
    "description": "Designates if the column is defined by some standard",
    "unit": "",
    "ucd": "",
    "utype": "",
    "datatype": "boolean",
    "arraysize": null,
    "principal": false,
    "indexed": false,
    "std": true,
    "index_for": "",
    "access_level": "PUBLIC",
    "metadata_access_level": "PUBLIC",
    "groups": []
  }
},
{
  "model": "daiquiri_metadata.column",
  "pk": 26,
  "fields": {
    "table": 3,
    "order": 14,
    "name": "column_index",
    "description": "The ordering index of the column",
    "unit": "",
    "ucd": "",
    "utype": "",
    "datatype": "integer",
    "arraysize": null,
    "principal": false,
    "indexed": false,
    "std": true,
    "index_for": "",
    "access_level": "PUBLIC",
    "metadata_access_level": "PUBLIC",
    "groups": []
  }
},
{
  "model": "daiquiri_metadata.column",
  "pk": 27,
  "fields": {
    "table": 3,
    "order": 15,
    "name": "table_id",
    "description": "The foreign key to the table of this column",
    "unit": "",
    "ucd": "",
    "utype": "",
    "datatype": "integer",
    "arraysize": null,
    "principal": false,
    "indexed": false,
    "std": false,
    "index_for": "",
    "access_level": "PUBLIC",
    "metadata_access_level": "PUBLIC",
    "groups": []
  }
},
{
  "model": "daiquiri_metadata.column",
  "pk": 28,
  "fields": {
    "table": 4,
    "order": 1,
    "name": "ID",
    "description": "Input identifier.",
    "unit": "",
    "ucd": "meta.id;meta.main",
    "utype": "",
    "datatype": "char",
    "arraysize": null,
    "principal": false,
    "indexed": false,
    "std": true,
    "index_for": "",
    "access_level": "PUBLIC",
    "metadata_access_level": "PUBLIC",
    "groups": []
  }
},
{
  "model": "daiquiri_metadata.column",
  "pk": 29,
  "fields": {
    "table": 4,
    "order": 2,
    "name": "access_url",
    "description": "Link to data or service.",
    "unit": "",
    "ucd": "meta.ref.url",
    "utype": "",
    "datatype": "char",
    "arraysize": null,
    "principal": false,
    "indexed": false,
    "std": true,
    "index_for": "",
    "access_level": "PUBLIC",
    "metadata_access_level": "PUBLIC",
    "groups": []
  }
},
{
  "model": "daiquiri_metadata.column",
  "pk": 30,
  "fields": {
    "table": 4,
    "order": 3,
    "name": "service_def",
    "description": "Reference to a service descriptor resource.",
    "unit": "",
    "ucd": "meta.ref",
    "utype": "",
    "datatype": "char",
    "arraysize": null,
    "principal": false,
    "indexed": false,
    "std": true,
    "index_for": "",
    "access_level": "PUBLIC",
    "metadata_access_level": "PUBLIC",
    "groups": []
  }
},
{
  "model": "daiquiri_metadata.column",
  "pk": 31,
  "fields": {
    "table": 4,
    "order": 4,
    "name": "error_message",
    "description": "Error if an access_url cannot be created.",
    "unit": "",
    "ucd": "meta.code.error",
    "utype": "",
    "datatype": "char",
    "arraysize": null,
    "principal": false,
    "indexed": false,
    "std": true,
    "index_for": "",
    "access_level": "PUBLIC",
    "metadata_access_level": "PUBLIC",
    "groups": []
  }
},
{
  "model": "daiquiri_metadata.column",
  "pk": 32,
  "fields": {
    "table": 4,
    "order": 5,
    "name": "description",
    "description": "Human-readable text describing this link.",
    "unit": "",
    "ucd": "meta.note",
    "utype": "",
    "datatype": "char",
    "arraysize": null,
    "principal": false,
    "indexed": false,
    "std": true,
    "index_for": "",
    "access_level": "PUBLIC",
    "metadata_access_level": "PUBLIC",
    "groups": []
  }
},
{
  "model": "daiquiri_metadata.column",
  "pk": 33,
  "fields": {
    "table": 4,
    "order": 6,
    "name": "semantics",
    "description": "Term from a controlled vocabulary describing the link.",
    "unit": "",
    "ucd": "meta.code",
    "utype": "",
    "datatype": "char",
    "arraysize": null,
    "principal": false,
    "indexed": false,
    "std": true,
    "index_for": "",
    "access_level": "PUBLIC",
    "metadata_access_level": "PUBLIC",
    "groups": []
  }
},
{
  "model": "daiquiri_metadata.column",
  "pk": 34,
  "fields": {
    "table": 4,
    "order": 7,
    "name": "content_type",
    "description": "Mime-type of the content the link returns.",
    "unit": "",
    "ucd": "meta.code.mime",
    "utype": "",
    "datatype": "char",
    "arraysize": null,
    "principal": false,
    "indexed": false,
    "std": true,
    "index_for": "",
    "access_level": "PUBLIC",
    "metadata_access_level": "PUBLIC",
    "groups": []
  }
},
{
  "model": "daiquiri_metadata.column",
  "pk": 35,
  "fields": {
    "table": 4,
    "order": 8,
    "name": "content_length",
    "description": "Size of the download the link returns.",
    "unit": "",
    "ucd": "phys.size;meta.file",
    "utype": "",
    "datatype": "long",
    "arraysize": null,
    "principal": false,
    "indexed": false,
    "std": true,
    "index_for": "",
    "access_level": "PUBLIC",
    "metadata_access_level": "PUBLIC",
    "groups": []
  }
},
{
  "model": "daiquiri_metadata.column",
  "pk": 36,
  "fields": {
    "table": 5,
    "order": 1,
    "name": "coadd_object_id",
    "description": "",
    "unit": "",
    "ucd": "",
    "utype": "",
    "datatype": "long",
    "arraysize": null,
    "principal": false,
    "indexed": true,
    "std": false,
    "index_for": "",
    "access_level": "PRIVATE",
    "metadata_access_level": "PRIVATE",
    "groups": []
  }
},
{
  "model": "daiquiri_metadata.column",
  "pk": 37,
  "fields": {
    "table": 5,
    "order": 2,
    "name": "tilename",
    "description": "",
    "unit": "",
    "ucd": "",
    "utype": "",
    "datatype": "char",
    "arraysize": null,
    "principal": false,
    "indexed": false,
    "std": false,
    "index_for": "",
    "access_level": "PRIVATE",
    "metadata_access_level": "PRIVATE",
    "groups": []
  }
},
{
  "model": "daiquiri_metadata.column",
  "pk": 38,
  "fields": {
    "table": 5,
    "order": 3,
    "name": "hpix_32",
    "description": "",
    "unit": "",
    "ucd": "",
    "utype": "",
    "datatype": "long",
    "arraysize": null,
    "principal": false,
    "indexed": false,
    "std": false,
    "index_for": "",
    "access_level": "PRIVATE",
    "metadata_access_level": "PRIVATE",
    "groups": []
  }
},
{
  "model": "daiquiri_metadata.column",
  "pk": 39,
  "fields": {
    "table": 5,
    "order": 4,
    "name": "hpix_64",
    "description": "",
    "unit": "",
    "ucd": "",
    "utype": "",
    "datatype": "long",
    "arraysize": null,
    "principal": false,
    "indexed": false,
    "std": false,
    "index_for": "",
    "access_level": "PRIVATE",
    "metadata_access_level": "PRIVATE",
    "groups": []
  }
},
{
  "model": "daiquiri_metadata.column",
  "pk": 40,
  "fields": {
    "table": 5,
    "order": 5,
    "name": "hpix_1024",
    "description": "",
    "unit": "",
    "ucd": "",
    "utype": "",
    "datatype": "long",
    "arraysize": null,
    "principal": false,
    "indexed": false,
    "std": false,
    "index_for": "",
    "access_level": "PRIVATE",
    "metadata_access_level": "PRIVATE",
    "groups": []
  }
},
{
  "model": "daiquiri_metadata.column",
  "pk": 41,
  "fields": {
    "table": 5,
    "order": 6,
    "name": "hpix_4096",
    "description": "",
    "unit": "",
    "ucd": "",
    "utype": "",
    "datatype": "long",
    "arraysize": null,
    "principal": false,
    "indexed": false,
    "std": false,
    "index_for": "",
    "access_level": "PRIVATE",
    "metadata_access_level": "PRIVATE",
    "groups": []
  }
},
{
  "model": "daiquiri_metadata.column",
  "pk": 42,
  "fields": {
    "table": 5,
    "order": 7,
    "name": "hpix_16384",
    "description": "",
    "unit": "",
    "ucd": "",
    "utype": "",
    "datatype": "long",
    "arraysize": null,
    "principal": false,
    "indexed": false,
    "std": false,
    "index_for": "",
    "access_level": "PRIVATE",
    "metadata_access_level": "PRIVATE",
    "groups": []
  }
},
{
  "model": "daiquiri_metadata.column",
  "pk": 43,
  "fields": {
    "table": 5,
    "order": 8,
    "name": "ra",
    "description": "",
    "unit": "",
    "ucd": "",
    "utype": "",
    "datatype": "double",
    "arraysize": null,
    "principal": false,
    "indexed": false,
    "std": false,
    "index_for": "",
    "access_level": "PRIVATE",
    "metadata_access_level": "PRIVATE",
    "groups": []
  }
},
{
  "model": "daiquiri_metadata.column",
  "pk": 44,
  "fields": {
    "table": 5,
    "order": 9,
    "name": "dec",
    "description": "",
    "unit": "",
    "ucd": "",
    "utype": "",
    "datatype": "double",
    "arraysize": null,
    "principal": false,
    "indexed": false,
    "std": false,
    "index_for": "",
    "access_level": "PRIVATE",
    "metadata_access_level": "PRIVATE",
    "groups": []
  }
},
{
  "model": "daiquiri_metadata.column",
  "pk": 45,
  "fields": {
    "table": 5,
    "order": 10,
    "name": "alphawin_j2000",
    "description": "",
    "unit": "",
    "ucd": "",
    "utype": "",
    "datatype": "double",
    "arraysize": null,
    "principal": false,
    "indexed": false,
    "std": false,
    "index_for": "",
    "access_level": "PRIVATE",
    "metadata_access_level": "PRIVATE",
    "groups": []
  }
},
{
  "model": "daiquiri_metadata.column",
  "pk": 46,
  "fields": {
    "table": 5,
    "order": 11,
    "name": "deltawin_j2000",
    "description": "",
    "unit": "",
    "ucd": "",
    "utype": "",
    "datatype": "double",
    "arraysize": null,
    "principal": false,
    "indexed": false,
    "std": false,
    "index_for": "",
    "access_level": "PRIVATE",
    "metadata_access_level": "PRIVATE",
    "groups": []
  }
},
{
  "model": "daiquiri_metadata.column",
  "pk": 47,
  "fields": {
    "table": 5,
    "order": 12,
    "name": "galactic_l",
    "description": "",
    "unit": "",
    "ucd": "",
    "utype": "",
    "datatype": "double",
    "arraysize": null,
    "principal": false,
    "indexed": false,
    "std": false,
    "index_for": "",
    "access_level": "PRIVATE",
    "metadata_access_level": "PRIVATE",
    "groups": []
  }
},
{
  "model": "daiquiri_metadata.column",
  "pk": 48,
  "fields": {
    "table": 5,
    "order": 13,
    "name": "galactic_b",
    "description": "",
    "unit": "",
    "ucd": "",
    "utype": "",
    "datatype": "double",
    "arraysize": null,
    "principal": false,
    "indexed": false,
    "std": false,
    "index_for": "",
    "access_level": "PRIVATE",
    "metadata_access_level": "PRIVATE",
    "groups": []
  }
},
{
  "model": "daiquiri_metadata.column",
  "pk": 49,
  "fields": {
    "table": 5,
    "order": 14,
    "name": "xwin_image",
    "description": "",
    "unit": "",
    "ucd": "",
    "utype": "",
    "datatype": "double",
    "arraysize": null,
    "principal": false,
    "indexed": false,
    "std": false,
    "index_for": "",
    "access_level": "PRIVATE",
    "metadata_access_level": "PRIVATE",
    "groups": []
  }
},
{
  "model": "daiquiri_metadata.column",
  "pk": 50,
  "fields": {
    "table": 5,
    "order": 15,
    "name": "ywin_image",
    "description": "",
    "unit": "",
    "ucd": "",
    "utype": "",
    "datatype": "double",
    "arraysize": null,
    "principal": false,
    "indexed": false,
    "std": false,
    "index_for": "",
    "access_level": "PRIVATE",
    "metadata_access_level": "PRIVATE",
    "groups": []
  }
},
{
  "model": "daiquiri_metadata.column",
  "pk": 51,
  "fields": {
    "table": 5,
    "order": 16,
    "name": "a_image",
    "description": "",
    "unit": "",
    "ucd": "",
    "utype": "",
    "datatype": "double",
    "arraysize": null,
    "principal": false,
    "indexed": false,
    "std": false,
    "index_for": "",
    "access_level": "PRIVATE",
    "metadata_access_level": "PRIVATE",
    "groups": []
  }
},
{
  "model": "daiquiri_metadata.column",
  "pk": 52,
  "fields": {
    "table": 5,
    "order": 17,
    "name": "erra_image",
    "description": "",
    "unit": "",
    "ucd": "",
    "utype": "",
    "datatype": "double",
    "arraysize": null,
    "principal": false,
    "indexed": false,
    "std": false,
    "index_for": "",
    "access_level": "PRIVATE",
    "metadata_access_level": "PRIVATE",
    "groups": []
  }
},
{
  "model": "daiquiri_metadata.column",
  "pk": 53,
  "fields": {
    "table": 5,
    "order": 18,
    "name": "b_image",
    "description": "",
    "unit": "",
    "ucd": "",
    "utype": "",
    "datatype": "double",
    "arraysize": null,
    "principal": false,
    "indexed": false,
    "std": false,
    "index_for": "",
    "access_level": "PRIVATE",
    "metadata_access_level": "PRIVATE",
    "groups": []
  }
},
{
  "model": "daiquiri_metadata.column",
  "pk": 54,
  "fields": {
    "table": 5,
    "order": 19,
    "name": "errb_image",
    "description": "",
    "unit": "",
    "ucd": "",
    "utype": "",
    "datatype": "double",
    "arraysize": null,
    "principal": false,
    "indexed": false,
    "std": false,
    "index_for": "",
    "access_level": "PRIVATE",
    "metadata_access_level": "PRIVATE",
    "groups": []
  }
},
{
  "model": "daiquiri_metadata.column",
  "pk": 55,
  "fields": {
    "table": 5,
    "order": 20,
    "name": "theta_j2000",
    "description": "",
    "unit": "",
    "ucd": "",
    "utype": "",
    "datatype": "double",
    "arraysize": null,
    "principal": false,
    "indexed": false,
    "std": false,
    "index_for": "",
    "access_level": "PRIVATE",
    "metadata_access_level": "PRIVATE",
    "groups": []
  }
},
{
  "model": "daiquiri_metadata.column",
  "pk": 56,
  "fields": {
    "table": 5,
    "order": 21,
    "name": "errtheta_image",
    "description": "",
    "unit": "",
    "ucd": "",
    "utype": "",
    "datatype": "double",
    "arraysize": null,
    "principal": false,
    "indexed": false,
    "std": false,
    "index_for": "",
    "access_level": "PRIVATE",
    "metadata_access_level": "PRIVATE",
    "groups": []
  }
},
{
  "model": "daiquiri_metadata.column",
  "pk": 57,
  "fields": {
    "table": 5,
    "order": 22,
    "name": "kron_radius",
    "description": "",
    "unit": "",
    "ucd": "",
    "utype": "",
    "datatype": "double",
    "arraysize": null,
    "principal": false,
    "indexed": false,
    "std": false,
    "index_for": "",
    "access_level": "PRIVATE",
    "metadata_access_level": "PRIVATE",
    "groups": []
  }
},
{
  "model": "daiquiri_metadata.column",
  "pk": 58,
  "fields": {
    "table": 5,
    "order": 23,
    "name": "ebv_sfd98",
    "description": "",
    "unit": "",
    "ucd": "",
    "utype": "",
    "datatype": "double",
    "arraysize": null,
    "principal": false,
    "indexed": false,
    "std": false,
    "index_for": "",
    "access_level": "PRIVATE",
    "metadata_access_level": "PRIVATE",
    "groups": []
  }
},
{
  "model": "daiquiri_metadata.column",
  "pk": 59,
  "fields": {
    "table": 5,
    "order": 24,
    "name": "mag_auto_g_dered",
    "description": "",
    "unit": "",
    "ucd": "",
    "utype": "",
    "datatype": "double",
    "arraysize": null,
    "principal": false,
    "indexed": false,
    "std": false,
    "index_for": "",
    "access_level": "PRIVATE",
    "metadata_access_level": "PRIVATE",
    "groups": []
  }
},
{
  "model": "daiquiri_metadata.column",
  "pk": 60,
  "fields": {
    "table": 5,
    "order": 25,
    "name": "mag_auto_r_dered",
    "description": "",
    "unit": "",
    "ucd": "",
    "utype": "",
    "datatype": "double",
    "arraysize": null,
    "principal": false,
    "indexed": false,
    "std": false,
    "index_for": "",
    "access_level": "PRIVATE",
    "metadata_access_level": "PRIVATE",
    "groups": []
  }
},
{
  "model": "daiquiri_metadata.column",
  "pk": 61,
  "fields": {
    "table": 5,
    "order": 26,
    "name": "mag_auto_i_dered",
    "description": "",
    "unit": "",
    "ucd": "",
    "utype": "",
    "datatype": "double",
    "arraysize": null,
    "principal": false,
    "indexed": false,
    "std": false,
    "index_for": "",
    "access_level": "PRIVATE",
    "metadata_access_level": "PRIVATE",
    "groups": []
  }
},
{
  "model": "daiquiri_metadata.column",
  "pk": 62,
  "fields": {
    "table": 5,
    "order": 27,
    "name": "mag_auto_z_dered",
    "description": "",
    "unit": "",
    "ucd": "",
    "utype": "",
    "datatype": "double",
    "arraysize": null,
    "principal": false,
    "indexed": false,
    "std": false,
    "index_for": "",
    "access_level": "PRIVATE",
    "metadata_access_level": "PRIVATE",
    "groups": []
  }
},
{
  "model": "daiquiri_metadata.column",
  "pk": 63,
  "fields": {
    "table": 5,
    "order": 28,
    "name": "mag_auto_y_dered",
    "description": "",
    "unit": "",
    "ucd": "",
    "utype": "",
    "datatype": "double",
    "arraysize": null,
    "principal": false,
    "indexed": false,
    "std": false,
    "index_for": "",
    "access_level": "PRIVATE",
    "metadata_access_level": "PRIVATE",
    "groups": []
  }
},
{
  "model": "daiquiri_metadata.column",
  "pk": 64,
  "fields": {
    "table": 5,
    "order": 29,
    "name": "wavg_mag_psf_g_dered",
    "description": "",
    "unit": "",
    "ucd": "",
    "utype": "",
    "datatype": "double",
    "arraysize": null,
    "principal": false,
    "indexed": false,
    "std": false,
    "index_for": "",
    "access_level": "PRIVATE",
    "metadata_access_level": "PRIVATE",
    "groups": []
  }
},
{
  "model": "daiquiri_metadata.column",
  "pk": 65,
  "fields": {
    "table": 5,
    "order": 30,
    "name": "wavg_mag_psf_r_dered",
    "description": "",
    "unit": "",
    "ucd": "",
    "utype": "",
    "datatype": "double",
    "arraysize": null,
    "principal": false,
    "indexed": false,
    "std": false,
    "index_for": "",
    "access_level": "PRIVATE",
    "metadata_access_level": "PRIVATE",
    "groups": []
  }
},
{
  "model": "daiquiri_metadata.column",
  "pk": 66,
  "fields": {
    "table": 5,
    "order": 31,
    "name": "wavg_mag_psf_i_dered",
    "description": "",
    "unit": "",
    "ucd": "",
    "utype": "",
    "datatype": "double",
    "arraysize": null,
    "principal": false,
    "indexed": false,
    "std": false,
    "index_for": "",
    "access_level": "PRIVATE",
    "metadata_access_level": "PRIVATE",
    "groups": []
  }
},
{
  "model": "daiquiri_metadata.column",
  "pk": 67,
  "fields": {
    "table": 5,
    "order": 32,
    "name": "wavg_mag_psf_z_dered",
    "description": "",
    "unit": "",
    "ucd": "",
    "utype": "",
    "datatype": "double",
    "arraysize": null,
    "principal": false,
    "indexed": false,
    "std": false,
    "index_for": "",
    "access_level": "PRIVATE",
    "metadata_access_level": "PRIVATE",
    "groups": []
  }
},
{
  "model": "daiquiri_metadata.column",
  "pk": 68,
  "fields": {
    "table": 5,
    "order": 33,
    "name": "wavg_mag_psf_y_dered",
    "description": "",
    "unit": "",
    "ucd": "",
    "utype": "",
    "datatype": "double",
    "arraysize": null,
    "principal": false,
    "indexed": false,
    "std": false,
    "index_for": "",
    "access_level": "PRIVATE",
    "metadata_access_level": "PRIVATE",
    "groups": []
  }
},
{
  "model": "daiquiri_metadata.column",
  "pk": 69,
  "fields": {
    "table": 5,
    "order": 34,
    "name": "extended_class_coadd",
    "description": "",
    "unit": "",
    "ucd": "",
    "utype": "",
    "datatype": "int",
    "arraysize": null,
    "principal": false,
    "indexed": false,
    "std": false,
    "index_for": "",
    "access_level": "PRIVATE",
    "metadata_access_level": "PRIVATE",
    "groups": []
  }
},
{
  "model": "daiquiri_metadata.column",
  "pk": 70,
  "fields": {
    "table": 5,
    "order": 35,
    "name": "extended_class_wavg",
    "description": "",
    "unit": "",
    "ucd": "",
    "utype": "",
    "datatype": "int",
    "arraysize": null,
    "principal": false,
    "indexed": false,
    "std": false,
    "index_for": "",
    "access_level": "PRIVATE",
    "metadata_access_level": "PRIVATE",
    "groups": []
  }
},
{
  "model": "daiquiri_metadata.column",
  "pk": 71,
  "fields": {
    "table": 5,
    "order": 36,
    "name": "flags_g",
    "description": "",
    "unit": "",
    "ucd": "",
    "utype": "",
    "datatype": "int",
    "arraysize": null,
    "principal": false,
    "indexed": false,
    "std": false,
    "index_for": "",
    "access_level": "PRIVATE",
    "metadata_access_level": "PRIVATE",
    "groups": []
  }
},
{
  "model": "daiquiri_metadata.column",
  "pk": 72,
  "fields": {
    "table": 5,
    "order": 37,
    "name": "imaflags_iso_g",
    "description": "",
    "unit": "",
    "ucd": "",
    "utype": "",
    "datatype": "int",
    "arraysize": null,
    "principal": false,
    "indexed": false,
    "std": false,
    "index_for": "",
    "access_level": "PRIVATE",
    "metadata_access_level": "PRIVATE",
    "groups": []
  }
},
{
  "model": "daiquiri_metadata.column",
  "pk": 73,
  "fields": {
    "table": 5,
    "order": 38,
    "name": "nepochs_g",
    "description": "",
    "unit": "",
    "ucd": "",
    "utype": "",
    "datatype": "int",
    "arraysize": null,
    "principal": false,
    "indexed": false,
    "std": false,
    "index_for": "",
    "access_level": "PRIVATE",
    "metadata_access_level": "PRIVATE",
    "groups": []
  }
},
{
  "model": "daiquiri_metadata.column",
  "pk": 74,
  "fields": {
    "table": 5,
    "order": 39,
    "name": "flags_r",
    "description": "",
    "unit": "",
    "ucd": "",
    "utype": "",
    "datatype": "int",
    "arraysize": null,
    "principal": false,
    "indexed": false,
    "std": false,
    "index_for": "",
    "access_level": "PRIVATE",
    "metadata_access_level": "PRIVATE",
    "groups": []
  }
},
{
  "model": "daiquiri_metadata.column",
  "pk": 75,
  "fields": {
    "table": 5,
    "order": 40,
    "name": "imaflags_iso_r",
    "description": "",
    "unit": "",
    "ucd": "",
    "utype": "",
    "datatype": "int",
    "arraysize": null,
    "principal": false,
    "indexed": false,
    "std": false,
    "index_for": "",
    "access_level": "PRIVATE",
    "metadata_access_level": "PRIVATE",
    "groups": []
  }
},
{
  "model": "daiquiri_metadata.column",
  "pk": 76,
  "fields": {
    "table": 5,
    "order": 41,
    "name": "nepochs_r",
    "description": "",
    "unit": "",
    "ucd": "",
    "utype": "",
    "datatype": "int",
    "arraysize": null,
    "principal": false,
    "indexed": false,
    "std": false,
    "index_for": "",
    "access_level": "PRIVATE",
    "metadata_access_level": "PRIVATE",
    "groups": []
  }
},
{
  "model": "daiquiri_metadata.column",
  "pk": 77,
  "fields": {
    "table": 5,
    "order": 42,
    "name": "flags_i",
    "description": "",
    "unit": "",
    "ucd": "",
    "utype": "",
    "datatype": "int",
    "arraysize": null,
    "principal": false,
    "indexed": false,
    "std": false,
    "index_for": "",
    "access_level": "PRIVATE",
    "metadata_access_level": "PRIVATE",
    "groups": []
  }
},
{
  "model": "daiquiri_metadata.column",
  "pk": 78,
  "fields": {
    "table": 5,
    "order": 43,
    "name": "imaflags_iso_i",
    "description": "",
    "unit": "",
    "ucd": "",
    "utype": "",
    "datatype": "int",
    "arraysize": null,
    "principal": false,
    "indexed": false,
    "std": false,
    "index_for": "",
    "access_level": "PRIVATE",
    "metadata_access_level": "PRIVATE",
    "groups": []
  }
},
{
  "model": "daiquiri_metadata.column",
  "pk": 79,
  "fields": {
    "table": 5,
    "order": 44,
    "name": "nepochs_i",
    "description": "",
    "unit": "",
    "ucd": "",
    "utype": "",
    "datatype": "int",
    "arraysize": null,
    "principal": false,
    "indexed": false,
    "std": false,
    "index_for": "",
    "access_level": "PRIVATE",
    "metadata_access_level": "PRIVATE",
    "groups": []
  }
},
{
  "model": "daiquiri_metadata.column",
  "pk": 80,
  "fields": {
    "table": 5,
    "order": 45,
    "name": "flags_z",
    "description": "",
    "unit": "",
    "ucd": "",
    "utype": "",
    "datatype": "int",
    "arraysize": null,
    "principal": false,
    "indexed": false,
    "std": false,
    "index_for": "",
    "access_level": "PRIVATE",
    "metadata_access_level": "PRIVATE",
    "groups": []
  }
},
{
  "model": "daiquiri_metadata.column",
  "pk": 81,
  "fields": {
    "table": 5,
    "order": 46,
    "name": "imaflags_iso_z",
    "description": "",
    "unit": "",
    "ucd": "",
    "utype": "",
    "datatype": "int",
    "arraysize": null,
    "principal": false,
    "indexed": false,
    "std": false,
    "index_for": "",
    "access_level": "PRIVATE",
    "metadata_access_level": "PRIVATE",
    "groups": []
  }
},
{
  "model": "daiquiri_metadata.column",
  "pk": 82,
  "fields": {
    "table": 5,
    "order": 47,
    "name": "nepochs_z",
    "description": "",
    "unit": "",
    "ucd": "",
    "utype": "",
    "datatype": "int",
    "arraysize": null,
    "principal": false,
    "indexed": false,
    "std": false,
    "index_for": "",
    "access_level": "PRIVATE",
    "metadata_access_level": "PRIVATE",
    "groups": []
  }
},
{
  "model": "daiquiri_metadata.column",
  "pk": 83,
  "fields": {
    "table": 5,
    "order": 48,
    "name": "flags_y",
    "description": "",
    "unit": "",
    "ucd": "",
    "utype": "",
    "datatype": "int",
    "arraysize": null,
    "principal": false,
    "indexed": false,
    "std": false,
    "index_for": "",
    "access_level": "PRIVATE",
    "metadata_access_level": "PRIVATE",
    "groups": []
  }
},
{
  "model": "daiquiri_metadata.column",
  "pk": 84,
  "fields": {
    "table": 5,
    "order": 49,
    "name": "imaflags_iso_y",
    "description": "",
    "unit": "",
    "ucd": "",
    "utype": "",
    "datatype": "int",
    "arraysize": null,
    "principal": false,
    "indexed": false,
    "std": false,
    "index_for": "",
    "access_level": "PRIVATE",
    "metadata_access_level": "PRIVATE",
    "groups": []
  }
},
{
  "model": "daiquiri_metadata.column",
  "pk": 85,
  "fields": {
    "table": 5,
    "order": 50,
    "name": "nepochs_y",
    "description": "",
    "unit": "",
    "ucd": "",
    "utype": "",
    "datatype": "int",
    "arraysize": null,
    "principal": false,
    "indexed": false,
    "std": false,
    "index_for": "",
    "access_level": "PRIVATE",
    "metadata_access_level": "PRIVATE",
    "groups": []
  }
},
{
  "model": "daiquiri_metadata.column",
  "pk": 86,
  "fields": {
    "table": 5,
    "order": 51,
    "name": "xwin_image_g",
    "description": "",
    "unit": "",
    "ucd": "",
    "utype": "",
    "datatype": "double",
    "arraysize": null,
    "principal": false,
    "indexed": false,
    "std": false,
    "index_for": "",
    "access_level": "PRIVATE",
    "metadata_access_level": "PRIVATE",
    "groups": []
  }
},
{
  "model": "daiquiri_metadata.column",
  "pk": 87,
  "fields": {
    "table": 5,
    "order": 52,
    "name": "xwin_image_r",
    "description": "",
    "unit": "",
    "ucd": "",
    "utype": "",
    "datatype": "double",
    "arraysize": null,
    "principal": false,
    "indexed": false,
    "std": false,
    "index_for": "",
    "access_level": "PRIVATE",
    "metadata_access_level": "PRIVATE",
    "groups": []
  }
},
{
  "model": "daiquiri_metadata.column",
  "pk": 88,
  "fields": {
    "table": 5,
    "order": 53,
    "name": "xwin_image_i",
    "description": "",
    "unit": "",
    "ucd": "",
    "utype": "",
    "datatype": "double",
    "arraysize": null,
    "principal": false,
    "indexed": false,
    "std": false,
    "index_for": "",
    "access_level": "PRIVATE",
    "metadata_access_level": "PRIVATE",
    "groups": []
  }
},
{
  "model": "daiquiri_metadata.column",
  "pk": 89,
  "fields": {
    "table": 5,
    "order": 54,
    "name": "xwin_image_z",
    "description": "",
    "unit": "",
    "ucd": "",
    "utype": "",
    "datatype": "double",
    "arraysize": null,
    "principal": false,
    "indexed": false,
    "std": false,
    "index_for": "",
    "access_level": "PRIVATE",
    "metadata_access_level": "PRIVATE",
    "groups": []
  }
},
{
  "model": "daiquiri_metadata.column",
  "pk": 90,
  "fields": {
    "table": 5,
    "order": 55,
    "name": "xwin_image_y",
    "description": "",
    "unit": "",
    "ucd": "",
    "utype": "",
    "datatype": "double",
    "arraysize": null,
    "principal": false,
    "indexed": false,
    "std": false,
    "index_for": "",
    "access_level": "PRIVATE",
    "metadata_access_level": "PRIVATE",
    "groups": []
  }
},
{
  "model": "daiquiri_metadata.column",
  "pk": 91,
  "fields": {
    "table": 5,
    "order": 56,
    "name": "ywin_image_g",
    "description": "",
    "unit": "",
    "ucd": "",
    "utype": "",
    "datatype": "double",
    "arraysize": null,
    "principal": false,
    "indexed": false,
    "std": false,
    "index_for": "",
    "access_level": "PRIVATE",
    "metadata_access_level": "PRIVATE",
    "groups": []
  }
},
{
  "model": "daiquiri_metadata.column",
  "pk": 92,
  "fields": {
    "table": 5,
    "order": 57,
    "name": "ywin_image_r",
    "description": "",
    "unit": "",
    "ucd": "",
    "utype": "",
    "datatype": "double",
    "arraysize": null,
    "principal": false,
    "indexed": false,
    "std": false,
    "index_for": "",
    "access_level": "PRIVATE",
    "metadata_access_level": "PRIVATE",
    "groups": []
  }
},
{
  "model": "daiquiri_metadata.column",
  "pk": 93,
  "fields": {
    "table": 5,
    "order": 58,
    "name": "ywin_image_i",
    "description": "",
    "unit": "",
    "ucd": "",
    "utype": "",
    "datatype": "double",
    "arraysize": null,
    "principal": false,
    "indexed": false,
    "std": false,
    "index_for": "",
    "access_level": "PRIVATE",
    "metadata_access_level": "PRIVATE",
    "groups": []
  }
},
{
  "model": "daiquiri_metadata.column",
  "pk": 94,
  "fields": {
    "table": 5,
    "order": 59,
    "name": "ywin_image_z",
    "description": "",
    "unit": "",
    "ucd": "",
    "utype": "",
    "datatype": "double",
    "arraysize": null,
    "principal": false,
    "indexed": false,
    "std": false,
    "index_for": "",
    "access_level": "PRIVATE",
    "metadata_access_level": "PRIVATE",
    "groups": []
  }
},
{
  "model": "daiquiri_metadata.column",
  "pk": 95,
  "fields": {
    "table": 5,
    "order": 60,
    "name": "ywin_image_y",
    "description": "",
    "unit": "",
    "ucd": "",
    "utype": "",
    "datatype": "double",
    "arraysize": null,
    "principal": false,
    "indexed": false,
    "std": false,
    "index_for": "",
    "access_level": "PRIVATE",
    "metadata_access_level": "PRIVATE",
    "groups": []
  }
},
{
  "model": "daiquiri_metadata.column",
  "pk": 96,
  "fields": {
    "table": 5,
    "order": 61,
    "name": "x2win_image_g",
    "description": "",
    "unit": "",
    "ucd": "",
    "utype": "",
    "datatype": "double",
    "arraysize": null,
    "principal": false,
    "indexed": false,
    "std": false,
    "index_for": "",
    "access_level": "PRIVATE",
    "metadata_access_level": "PRIVATE",
    "groups": []
  }
},
{
  "model": "daiquiri_metadata.column",
  "pk": 97,
  "fields": {
    "table": 5,
    "order": 62,
    "name": "x2win_image_r",
    "description": "",
    "unit": "",
    "ucd": "",
    "utype": "",
    "datatype": "double",
    "arraysize": null,
    "principal": false,
    "indexed": false,
    "std": false,
    "index_for": "",
    "access_level": "PRIVATE",
    "metadata_access_level": "PRIVATE",
    "groups": []
  }
},
{
  "model": "daiquiri_metadata.column",
  "pk": 98,
  "fields": {
    "table": 5,
    "order": 63,
    "name": "x2win_image_i",
    "description": "",
    "unit": "",
    "ucd": "",
    "utype": "",
    "datatype": "double",
    "arraysize": null,
    "principal": false,
    "indexed": false,
    "std": false,
    "index_for": "",
    "access_level": "PRIVATE",
    "metadata_access_level": "PRIVATE",
    "groups": []
  }
},
{
  "model": "daiquiri_metadata.column",
  "pk": 99,
  "fields": {
    "table": 5,
    "order": 64,
    "name": "x2win_image_z",
    "description": "",
    "unit": "",
    "ucd": "",
    "utype": "",
    "datatype": "double",
    "arraysize": null,
    "principal": false,
    "indexed": false,
    "std": false,
    "index_for": "",
    "access_level": "PRIVATE",
    "metadata_access_level": "PRIVATE",
    "groups": []
  }
},
{
  "model": "daiquiri_metadata.column",
  "pk": 100,
  "fields": {
    "table": 5,
    "order": 65,
    "name": "x2win_image_y",
    "description": "",
    "unit": "",
    "ucd": "",
    "utype": "",
    "datatype": "double",
    "arraysize": null,
    "principal": false,
    "indexed": false,
    "std": false,
    "index_for": "",
    "access_level": "PRIVATE",
    "metadata_access_level": "PRIVATE",
    "groups": []
  }
},
{
  "model": "daiquiri_metadata.column",
  "pk": 101,
  "fields": {
    "table": 5,
    "order": 66,
    "name": "y2win_image_g",
    "description": "",
    "unit": "",
    "ucd": "",
    "utype": "",
    "datatype": "double",
    "arraysize": null,
    "principal": false,
    "indexed": false,
    "std": false,
    "index_for": "",
    "access_level": "PRIVATE",
    "metadata_access_level": "PRIVATE",
    "groups": []
  }
},
{
  "model": "daiquiri_metadata.column",
  "pk": 102,
  "fields": {
    "table": 5,
    "order": 67,
    "name": "y2win_image_r",
    "description": "",
    "unit": "",
    "ucd": "",
    "utype": "",
    "datatype": "double",
    "arraysize": null,
    "principal": false,
    "indexed": false,
    "std": false,
    "index_for": "",
    "access_level": "PRIVATE",
    "metadata_access_level": "PRIVATE",
    "groups": []
  }
},
{
  "model": "daiquiri_metadata.column",
  "pk": 103,
  "fields": {
    "table": 5,
    "order": 68,
    "name": "y2win_image_i",
    "description": "",
    "unit": "",
    "ucd": "",
    "utype": "",
    "datatype": "double",
    "arraysize": null,
    "principal": false,
    "indexed": false,
    "std": false,
    "index_for": "",
    "access_level": "PRIVATE",
    "metadata_access_level": "PRIVATE",
    "groups": []
  }
},
{
  "model": "daiquiri_metadata.column",
  "pk": 104,
  "fields": {
    "table": 5,
    "order": 69,
    "name": "y2win_image_z",
    "description": "",
    "unit": "",
    "ucd": "",
    "utype": "",
    "datatype": "double",
    "arraysize": null,
    "principal": false,
    "indexed": false,
    "std": false,
    "index_for": "",
    "access_level": "PRIVATE",
    "metadata_access_level": "PRIVATE",
    "groups": []
  }
},
{
  "model": "daiquiri_metadata.column",
  "pk": 105,
  "fields": {
    "table": 5,
    "order": 70,
    "name": "y2win_image_y",
    "description": "",
    "unit": "",
    "ucd": "",
    "utype": "",
    "datatype": "double",
    "arraysize": null,
    "principal": false,
    "indexed": false,
    "std": false,
    "index_for": "",
    "access_level": "PRIVATE",
    "metadata_access_level": "PRIVATE",
    "groups": []
  }
},
{
  "model": "daiquiri_metadata.column",
  "pk": 106,
  "fields": {
    "table": 5,
    "order": 71,
    "name": "xywin_image_g",
    "description": "",
    "unit": "",
    "ucd": "",
    "utype": "",
    "datatype": "double",
    "arraysize": null,
    "principal": false,
    "indexed": false,
    "std": false,
    "index_for": "",
    "access_level": "PRIVATE",
    "metadata_access_level": "PRIVATE",
    "groups": []
  }
},
{
  "model": "daiquiri_metadata.column",
  "pk": 107,
  "fields": {
    "table": 5,
    "order": 72,
    "name": "xywin_image_r",
    "description": "",
    "unit": "",
    "ucd": "",
    "utype": "",
    "datatype": "double",
    "arraysize": null,
    "principal": false,
    "indexed": false,
    "std": false,
    "index_for": "",
    "access_level": "PRIVATE",
    "metadata_access_level": "PRIVATE",
    "groups": []
  }
},
{
  "model": "daiquiri_metadata.column",
  "pk": 108,
  "fields": {
    "table": 5,
    "order": 73,
    "name": "xywin_image_i",
    "description": "",
    "unit": "",
    "ucd": "",
    "utype": "",
    "datatype": "double",
    "arraysize": null,
    "principal": false,
    "indexed": false,
    "std": false,
    "index_for": "",
    "access_level": "PRIVATE",
    "metadata_access_level": "PRIVATE",
    "groups": []
  }
},
{
  "model": "daiquiri_metadata.column",
  "pk": 109,
  "fields": {
    "table": 5,
    "order": 74,
    "name": "xywin_image_z",
    "description": "",
    "unit": "",
    "ucd": "",
    "utype": "",
    "datatype": "double",
    "arraysize": null,
    "principal": false,
    "indexed": false,
    "std": false,
    "index_for": "",
    "access_level": "PRIVATE",
    "metadata_access_level": "PRIVATE",
    "groups": []
  }
},
{
  "model": "daiquiri_metadata.column",
  "pk": 110,
  "fields": {
    "table": 5,
    "order": 75,
    "name": "xywin_image_y",
    "description": "",
    "unit": "",
    "ucd": "",
    "utype": "",
    "datatype": "double",
    "arraysize": null,
    "principal": false,
    "indexed": false,
    "std": false,
    "index_for": "",
    "access_level": "PRIVATE",
    "metadata_access_level": "PRIVATE",
    "groups": []
  }
},
{
  "model": "daiquiri_metadata.column",
  "pk": 111,
  "fields": {
    "table": 5,
    "order": 76,
    "name": "errx2win_image_g",
    "description": "",
    "unit": "",
    "ucd": "",
    "utype": "",
    "datatype": "double",
    "arraysize": null,
    "principal": false,
    "indexed": false,
    "std": false,
    "index_for": "",
    "access_level": "PRIVATE",
    "metadata_access_level": "PRIVATE",
    "groups": []
  }
},
{
  "model": "daiquiri_metadata.column",
  "pk": 112,
  "fields": {
    "table": 5,
    "order": 77,
    "name": "errx2win_image_r",
    "description": "",
    "unit": "",
    "ucd": "",
    "utype": "",
    "datatype": "double",
    "arraysize": null,
    "principal": false,
    "indexed": false,
    "std": false,
    "index_for": "",
    "access_level": "PRIVATE",
    "metadata_access_level": "PRIVATE",
    "groups": []
  }
},
{
  "model": "daiquiri_metadata.column",
  "pk": 113,
  "fields": {
    "table": 5,
    "order": 78,
    "name": "errx2win_image_i",
    "description": "",
    "unit": "",
    "ucd": "",
    "utype": "",
    "datatype": "double",
    "arraysize": null,
    "principal": false,
    "indexed": false,
    "std": false,
    "index_for": "",
    "access_level": "PRIVATE",
    "metadata_access_level": "PRIVATE",
    "groups": []
  }
},
{
  "model": "daiquiri_metadata.column",
  "pk": 114,
  "fields": {
    "table": 5,
    "order": 79,
    "name": "errx2win_image_z",
    "description": "",
    "unit": "",
    "ucd": "",
    "utype": "",
    "datatype": "double",
    "arraysize": null,
    "principal": false,
    "indexed": false,
    "std": false,
    "index_for": "",
    "access_level": "PRIVATE",
    "metadata_access_level": "PRIVATE",
    "groups": []
  }
},
{
  "model": "daiquiri_metadata.column",
  "pk": 115,
  "fields": {
    "table": 5,
    "order": 80,
    "name": "errx2win_image_y",
    "description": "",
    "unit": "",
    "ucd": "",
    "utype": "",
    "datatype": "double",
    "arraysize": null,
    "principal": false,
    "indexed": false,
    "std": false,
    "index_for": "",
    "access_level": "PRIVATE",
    "metadata_access_level": "PRIVATE",
    "groups": []
  }
},
{
  "model": "daiquiri_metadata.column",
  "pk": 116,
  "fields": {
    "table": 5,
    "order": 81,
    "name": "erry2win_image_g",
    "description": "",
    "unit": "",
    "ucd": "",
    "utype": "",
    "datatype": "double",
    "arraysize": null,
    "principal": false,
    "indexed": false,
    "std": false,
    "index_for": "",
    "access_level": "PRIVATE",
    "metadata_access_level": "PRIVATE",
    "groups": []
  }
},
{
  "model": "daiquiri_metadata.column",
  "pk": 117,
  "fields": {
    "table": 5,
    "order": 82,
    "name": "erry2win_image_r",
    "description": "",
    "unit": "",
    "ucd": "",
    "utype": "",
    "datatype": "double",
    "arraysize": null,
    "principal": false,
    "indexed": false,
    "std": false,
    "index_for": "",
    "access_level": "PRIVATE",
    "metadata_access_level": "PRIVATE",
    "groups": []
  }
},
{
  "model": "daiquiri_metadata.column",
  "pk": 118,
  "fields": {
    "table": 5,
    "order": 83,
    "name": "erry2win_image_i",
    "description": "",
    "unit": "",
    "ucd": "",
    "utype": "",
    "datatype": "double",
    "arraysize": null,
    "principal": false,
    "indexed": false,
    "std": false,
    "index_for": "",
    "access_level": "PRIVATE",
    "metadata_access_level": "PRIVATE",
    "groups": []
  }
},
{
  "model": "daiquiri_metadata.column",
  "pk": 119,
  "fields": {
    "table": 5,
    "order": 84,
    "name": "erry2win_image_z",
    "description": "",
    "unit": "",
    "ucd": "",
    "utype": "",
    "datatype": "double",
    "arraysize": null,
    "principal": false,
    "indexed": false,
    "std": false,
    "index_for": "",
    "access_level": "PRIVATE",
    "metadata_access_level": "PRIVATE",
    "groups": []
  }
},
{
  "model": "daiquiri_metadata.column",
  "pk": 120,
  "fields": {
    "table": 5,
    "order": 85,
    "name": "erry2win_image_y",
    "description": "",
    "unit": "",
    "ucd": "",
    "utype": "",
    "datatype": "double",
    "arraysize": null,
    "principal": false,
    "indexed": false,
    "std": false,
    "index_for": "",
    "access_level": "PRIVATE",
    "metadata_access_level": "PRIVATE",
    "groups": []
  }
},
{
  "model": "daiquiri_metadata.column",
  "pk": 121,
  "fields": {
    "table": 5,
    "order": 86,
    "name": "errxywin_image_g",
    "description": "",
    "unit": "",
    "ucd": "",
    "utype": "",
    "datatype": "double",
    "arraysize": null,
    "principal": false,
    "indexed": false,
    "std": false,
    "index_for": "",
    "access_level": "PRIVATE",
    "metadata_access_level": "PRIVATE",
    "groups": []
  }
},
{
  "model": "daiquiri_metadata.column",
  "pk": 122,
  "fields": {
    "table": 5,
    "order": 87,
    "name": "errxywin_image_r",
    "description": "",
    "unit": "",
    "ucd": "",
    "utype": "",
    "datatype": "double",
    "arraysize": null,
    "principal": false,
    "indexed": false,
    "std": false,
    "index_for": "",
    "access_level": "PRIVATE",
    "metadata_access_level": "PRIVATE",
    "groups": []
  }
},
{
  "model": "daiquiri_metadata.column",
  "pk": 123,
  "fields": {
    "table": 5,
    "order": 88,
    "name": "errxywin_image_i",
    "description": "",
    "unit": "",
    "ucd": "",
    "utype": "",
    "datatype": "double",
    "arraysize": null,
    "principal": false,
    "indexed": false,
    "std": false,
    "index_for": "",
    "access_level": "PRIVATE",
    "metadata_access_level": "PRIVATE",
    "groups": []
  }
},
{
  "model": "daiquiri_metadata.column",
  "pk": 124,
  "fields": {
    "table": 5,
    "order": 89,
    "name": "errxywin_image_z",
    "description": "",
    "unit": "",
    "ucd": "",
    "utype": "",
    "datatype": "double",
    "arraysize": null,
    "principal": false,
    "indexed": false,
    "std": false,
    "index_for": "",
    "access_level": "PRIVATE",
    "metadata_access_level": "PRIVATE",
    "groups": []
  }
},
{
  "model": "daiquiri_metadata.column",
  "pk": 125,
  "fields": {
    "table": 5,
    "order": 90,
    "name": "errxywin_image_y",
    "description": "",
    "unit": "",
    "ucd": "",
    "utype": "",
    "datatype": "double",
    "arraysize": null,
    "principal": false,
    "indexed": false,
    "std": false,
    "index_for": "",
    "access_level": "PRIVATE",
    "metadata_access_level": "PRIVATE",
    "groups": []
  }
},
{
  "model": "daiquiri_metadata.column",
  "pk": 126,
  "fields": {
    "table": 5,
    "order": 91,
    "name": "awin_image_g",
    "description": "",
    "unit": "",
    "ucd": "",
    "utype": "",
    "datatype": "double",
    "arraysize": null,
    "principal": false,
    "indexed": false,
    "std": false,
    "index_for": "",
    "access_level": "PRIVATE",
    "metadata_access_level": "PRIVATE",
    "groups": []
  }
},
{
  "model": "daiquiri_metadata.column",
  "pk": 127,
  "fields": {
    "table": 5,
    "order": 92,
    "name": "awin_image_r",
    "description": "",
    "unit": "",
    "ucd": "",
    "utype": "",
    "datatype": "double",
    "arraysize": null,
    "principal": false,
    "indexed": false,
    "std": false,
    "index_for": "",
    "access_level": "PRIVATE",
    "metadata_access_level": "PRIVATE",
    "groups": []
  }
},
{
  "model": "daiquiri_metadata.column",
  "pk": 128,
  "fields": {
    "table": 5,
    "order": 93,
    "name": "awin_image_i",
    "description": "",
    "unit": "",
    "ucd": "",
    "utype": "",
    "datatype": "double",
    "arraysize": null,
    "principal": false,
    "indexed": false,
    "std": false,
    "index_for": "",
    "access_level": "PRIVATE",
    "metadata_access_level": "PRIVATE",
    "groups": []
  }
},
{
  "model": "daiquiri_metadata.column",
  "pk": 129,
  "fields": {
    "table": 5,
    "order": 94,
    "name": "awin_image_z",
    "description": "",
    "unit": "",
    "ucd": "",
    "utype": "",
    "datatype": "double",
    "arraysize": null,
    "principal": false,
    "indexed": false,
    "std": false,
    "index_for": "",
    "access_level": "PRIVATE",
    "metadata_access_level": "PRIVATE",
    "groups": []
  }
},
{
  "model": "daiquiri_metadata.column",
  "pk": 130,
  "fields": {
    "table": 5,
    "order": 95,
    "name": "awin_image_y",
    "description": "",
    "unit": "",
    "ucd": "",
    "utype": "",
    "datatype": "double",
    "arraysize": null,
    "principal": false,
    "indexed": false,
    "std": false,
    "index_for": "",
    "access_level": "PRIVATE",
    "metadata_access_level": "PRIVATE",
    "groups": []
  }
},
{
  "model": "daiquiri_metadata.column",
  "pk": 131,
  "fields": {
    "table": 5,
    "order": 96,
    "name": "bwin_image_g",
    "description": "",
    "unit": "",
    "ucd": "",
    "utype": "",
    "datatype": "double",
    "arraysize": null,
    "principal": false,
    "indexed": false,
    "std": false,
    "index_for": "",
    "access_level": "PRIVATE",
    "metadata_access_level": "PRIVATE",
    "groups": []
  }
},
{
  "model": "daiquiri_metadata.column",
  "pk": 132,
  "fields": {
    "table": 5,
    "order": 97,
    "name": "bwin_image_r",
    "description": "",
    "unit": "",
    "ucd": "",
    "utype": "",
    "datatype": "double",
    "arraysize": null,
    "principal": false,
    "indexed": false,
    "std": false,
    "index_for": "",
    "access_level": "PRIVATE",
    "metadata_access_level": "PRIVATE",
    "groups": []
  }
},
{
  "model": "daiquiri_metadata.column",
  "pk": 133,
  "fields": {
    "table": 5,
    "order": 98,
    "name": "bwin_image_i",
    "description": "",
    "unit": "",
    "ucd": "",
    "utype": "",
    "datatype": "double",
    "arraysize": null,
    "principal": false,
    "indexed": false,
    "std": false,
    "index_for": "",
    "access_level": "PRIVATE",
    "metadata_access_level": "PRIVATE",
    "groups": []
  }
},
{
  "model": "daiquiri_metadata.column",
  "pk": 134,
  "fields": {
    "table": 5,
    "order": 99,
    "name": "bwin_image_z",
    "description": "",
    "unit": "",
    "ucd": "",
    "utype": "",
    "datatype": "double",
    "arraysize": null,
    "principal": false,
    "indexed": false,
    "std": false,
    "index_for": "",
    "access_level": "PRIVATE",
    "metadata_access_level": "PRIVATE",
    "groups": []
  }
},
{
  "model": "daiquiri_metadata.column",
  "pk": 135,
  "fields": {
    "table": 5,
    "order": 100,
    "name": "bwin_image_y",
    "description": "",
    "unit": "",
    "ucd": "",
    "utype": "",
    "datatype": "double",
    "arraysize": null,
    "principal": false,
    "indexed": false,
    "std": false,
    "index_for": "",
    "access_level": "PRIVATE",
    "metadata_access_level": "PRIVATE",
    "groups": []
  }
},
{
  "model": "daiquiri_metadata.column",
  "pk": 136,
  "fields": {
    "table": 5,
    "order": 101,
    "name": "thetawin_image_g",
    "description": "",
    "unit": "",
    "ucd": "",
    "utype": "",
    "datatype": "double",
    "arraysize": null,
    "principal": false,
    "indexed": false,
    "std": false,
    "index_for": "",
    "access_level": "PRIVATE",
    "metadata_access_level": "PRIVATE",
    "groups": []
  }
},
{
  "model": "daiquiri_metadata.column",
  "pk": 137,
  "fields": {
    "table": 5,
    "order": 102,
    "name": "thetawin_image_r",
    "description": "",
    "unit": "",
    "ucd": "",
    "utype": "",
    "datatype": "double",
    "arraysize": null,
    "principal": false,
    "indexed": false,
    "std": false,
    "index_for": "",
    "access_level": "PRIVATE",
    "metadata_access_level": "PRIVATE",
    "groups": []
  }
},
{
  "model": "daiquiri_metadata.column",
  "pk": 138,
  "fields": {
    "table": 5,
    "order": 103,
    "name": "thetawin_image_i",
    "description": "",
    "unit": "",
    "ucd": "",
    "utype": "",
    "datatype": "double",
    "arraysize": null,
    "principal": false,
    "indexed": false,
    "std": false,
    "index_for": "",
    "access_level": "PRIVATE",
    "metadata_access_level": "PRIVATE",
    "groups": []
  }
},
{
  "model": "daiquiri_metadata.column",
  "pk": 139,
  "fields": {
    "table": 5,
    "order": 104,
    "name": "thetawin_image_z",
    "description": "",
    "unit": "",
    "ucd": "",
    "utype": "",
    "datatype": "double",
    "arraysize": null,
    "principal": false,
    "indexed": false,
    "std": false,
    "index_for": "",
    "access_level": "PRIVATE",
    "metadata_access_level": "PRIVATE",
    "groups": []
  }
},
{
  "model": "daiquiri_metadata.column",
  "pk": 140,
  "fields": {
    "table": 5,
    "order": 105,
    "name": "thetawin_image_y",
    "description": "",
    "unit": "",
    "ucd": "",
    "utype": "",
    "datatype": "double",
    "arraysize": null,
    "principal": false,
    "indexed": false,
    "std": false,
    "index_for": "",
    "access_level": "PRIVATE",
    "metadata_access_level": "PRIVATE",
    "groups": []
  }
},
{
  "model": "daiquiri_metadata.column",
  "pk": 141,
  "fields": {
    "table": 5,
    "order": 106,
    "name": "errawin_image_g",
    "description": "",
    "unit": "",
    "ucd": "",
    "utype": "",
    "datatype": "double",
    "arraysize": null,
    "principal": false,
    "indexed": false,
    "std": false,
    "index_for": "",
    "access_level": "PRIVATE",
    "metadata_access_level": "PRIVATE",
    "groups": []
  }
},
{
  "model": "daiquiri_metadata.column",
  "pk": 142,
  "fields": {
    "table": 5,
    "order": 107,
    "name": "errawin_image_r",
    "description": "",
    "unit": "",
    "ucd": "",
    "utype": "",
    "datatype": "double",
    "arraysize": null,
    "principal": false,
    "indexed": false,
    "std": false,
    "index_for": "",
    "access_level": "PRIVATE",
    "metadata_access_level": "PRIVATE",
    "groups": []
  }
},
{
  "model": "daiquiri_metadata.column",
  "pk": 143,
  "fields": {
    "table": 5,
    "order": 108,
    "name": "errawin_image_i",
    "description": "",
    "unit": "",
    "ucd": "",
    "utype": "",
    "datatype": "double",
    "arraysize": null,
    "principal": false,
    "indexed": false,
    "std": false,
    "index_for": "",
    "access_level": "PRIVATE",
    "metadata_access_level": "PRIVATE",
    "groups": []
  }
},
{
  "model": "daiquiri_metadata.column",
  "pk": 144,
  "fields": {
    "table": 5,
    "order": 109,
    "name": "errawin_image_z",
    "description": "",
    "unit": "",
    "ucd": "",
    "utype": "",
    "datatype": "double",
    "arraysize": null,
    "principal": false,
    "indexed": false,
    "std": false,
    "index_for": "",
    "access_level": "PRIVATE",
    "metadata_access_level": "PRIVATE",
    "groups": []
  }
},
{
  "model": "daiquiri_metadata.column",
  "pk": 145,
  "fields": {
    "table": 5,
    "order": 110,
    "name": "errawin_image_y",
    "description": "",
    "unit": "",
    "ucd": "",
    "utype": "",
    "datatype": "double",
    "arraysize": null,
    "principal": false,
    "indexed": false,
    "std": false,
    "index_for": "",
    "access_level": "PRIVATE",
    "metadata_access_level": "PRIVATE",
    "groups": []
  }
},
{
  "model": "daiquiri_metadata.column",
  "pk": 146,
  "fields": {
    "table": 5,
    "order": 111,
    "name": "errbwin_image_g",
    "description": "",
    "unit": "",
    "ucd": "",
    "utype": "",
    "datatype": "double",
    "arraysize": null,
    "principal": false,
    "indexed": false,
    "std": false,
    "index_for": "",
    "access_level": "PRIVATE",
    "metadata_access_level": "PRIVATE",
    "groups": []
  }
},
{
  "model": "daiquiri_metadata.column",
  "pk": 147,
  "fields": {
    "table": 5,
    "order": 112,
    "name": "errbwin_image_r",
    "description": "",
    "unit": "",
    "ucd": "",
    "utype": "",
    "datatype": "double",
    "arraysize": null,
    "principal": false,
    "indexed": false,
    "std": false,
    "index_for": "",
    "access_level": "PRIVATE",
    "metadata_access_level": "PRIVATE",
    "groups": []
  }
},
{
  "model": "daiquiri_metadata.column",
  "pk": 148,
  "fields": {
    "table": 5,
    "order": 113,
    "name": "errbwin_image_i",
    "description": "",
    "unit": "",
    "ucd": "",
    "utype": "",
    "datatype": "double",
    "arraysize": null,
    "principal": false,
    "indexed": false,
    "std": false,
    "index_for": "",
    "access_level": "PRIVATE",
    "metadata_access_level": "PRIVATE",
    "groups": []
  }
},
{
  "model": "daiquiri_metadata.column",
  "pk": 149,
  "fields": {
    "table": 5,
    "order": 114,
    "name": "errbwin_image_z",
    "description": "",
    "unit": "",
    "ucd": "",
    "utype": "",
    "datatype": "double",
    "arraysize": null,
    "principal": false,
    "indexed": false,
    "std": false,
    "index_for": "",
    "access_level": "PRIVATE",
    "metadata_access_level": "PRIVATE",
    "groups": []
  }
},
{
  "model": "daiquiri_metadata.column",
  "pk": 150,
  "fields": {
    "table": 5,
    "order": 115,
    "name": "errbwin_image_y",
    "description": "",
    "unit": "",
    "ucd": "",
    "utype": "",
    "datatype": "double",
    "arraysize": null,
    "principal": false,
    "indexed": false,
    "std": false,
    "index_for": "",
    "access_level": "PRIVATE",
    "metadata_access_level": "PRIVATE",
    "groups": []
  }
},
{
  "model": "daiquiri_metadata.column",
  "pk": 151,
  "fields": {
    "table": 5,
    "order": 116,
    "name": "errthetawin_image_g",
    "description": "",
    "unit": "",
    "ucd": "",
    "utype": "",
    "datatype": "double",
    "arraysize": null,
    "principal": false,
    "indexed": false,
    "std": false,
    "index_for": "",
    "access_level": "PRIVATE",
    "metadata_access_level": "PRIVATE",
    "groups": []
  }
},
{
  "model": "daiquiri_metadata.column",
  "pk": 152,
  "fields": {
    "table": 5,
    "order": 117,
    "name": "errthetawin_image_r",
    "description": "",
    "unit": "",
    "ucd": "",
    "utype": "",
    "datatype": "double",
    "arraysize": null,
    "principal": false,
    "indexed": false,
    "std": false,
    "index_for": "",
    "access_level": "PRIVATE",
    "metadata_access_level": "PRIVATE",
    "groups": []
  }
},
{
  "model": "daiquiri_metadata.column",
  "pk": 153,
  "fields": {
    "table": 5,
    "order": 118,
    "name": "errthetawin_image_i",
    "description": "",
    "unit": "",
    "ucd": "",
    "utype": "",
    "datatype": "double",
    "arraysize": null,
    "principal": false,
    "indexed": false,
    "std": false,
    "index_for": "",
    "access_level": "PRIVATE",
    "metadata_access_level": "PRIVATE",
    "groups": []
  }
},
{
  "model": "daiquiri_metadata.column",
  "pk": 154,
  "fields": {
    "table": 5,
    "order": 119,
    "name": "errthetawin_image_z",
    "description": "",
    "unit": "",
    "ucd": "",
    "utype": "",
    "datatype": "double",
    "arraysize": null,
    "principal": false,
    "indexed": false,
    "std": false,
    "index_for": "",
    "access_level": "PRIVATE",
    "metadata_access_level": "PRIVATE",
    "groups": []
  }
},
{
  "model": "daiquiri_metadata.column",
  "pk": 155,
  "fields": {
    "table": 5,
    "order": 120,
    "name": "errthetawin_image_y",
    "description": "",
    "unit": "",
    "ucd": "",
    "utype": "",
    "datatype": "double",
    "arraysize": null,
    "principal": false,
    "indexed": false,
    "std": false,
    "index_for": "",
    "access_level": "PRIVATE",
    "metadata_access_level": "PRIVATE",
    "groups": []
  }
},
{
  "model": "daiquiri_metadata.column",
  "pk": 156,
  "fields": {
    "table": 5,
    "order": 121,
    "name": "flux_radius_g",
    "description": "",
    "unit": "",
    "ucd": "",
    "utype": "",
    "datatype": "double",
    "arraysize": null,
    "principal": false,
    "indexed": false,
    "std": false,
    "index_for": "",
    "access_level": "PRIVATE",
    "metadata_access_level": "PRIVATE",
    "groups": []
  }
},
{
  "model": "daiquiri_metadata.column",
  "pk": 157,
  "fields": {
    "table": 5,
    "order": 122,
    "name": "flux_radius_r",
    "description": "",
    "unit": "",
    "ucd": "",
    "utype": "",
    "datatype": "double",
    "arraysize": null,
    "principal": false,
    "indexed": false,
    "std": false,
    "index_for": "",
    "access_level": "PRIVATE",
    "metadata_access_level": "PRIVATE",
    "groups": []
  }
},
{
  "model": "daiquiri_metadata.column",
  "pk": 158,
  "fields": {
    "table": 5,
    "order": 123,
    "name": "flux_radius_i",
    "description": "",
    "unit": "",
    "ucd": "",
    "utype": "",
    "datatype": "double",
    "arraysize": null,
    "principal": false,
    "indexed": false,
    "std": false,
    "index_for": "",
    "access_level": "PRIVATE",
    "metadata_access_level": "PRIVATE",
    "groups": []
  }
},
{
  "model": "daiquiri_metadata.column",
  "pk": 159,
  "fields": {
    "table": 5,
    "order": 124,
    "name": "flux_radius_z",
    "description": "",
    "unit": "",
    "ucd": "",
    "utype": "",
    "datatype": "double",
    "arraysize": null,
    "principal": false,
    "indexed": false,
    "std": false,
    "index_for": "",
    "access_level": "PRIVATE",
    "metadata_access_level": "PRIVATE",
    "groups": []
  }
},
{
  "model": "daiquiri_metadata.column",
  "pk": 160,
  "fields": {
    "table": 5,
    "order": 125,
    "name": "flux_radius_y",
    "description": "",
    "unit": "",
    "ucd": "",
    "utype": "",
    "datatype": "double",
    "arraysize": null,
    "principal": false,
    "indexed": false,
    "std": false,
    "index_for": "",
    "access_level": "PRIVATE",
    "metadata_access_level": "PRIVATE",
    "groups": []
  }
},
{
  "model": "daiquiri_metadata.column",
  "pk": 161,
  "fields": {
    "table": 5,
    "order": 126,
    "name": "fwhm_image_g",
    "description": "",
    "unit": "",
    "ucd": "",
    "utype": "",
    "datatype": "double",
    "arraysize": null,
    "principal": false,
    "indexed": false,
    "std": false,
    "index_for": "",
    "access_level": "PRIVATE",
    "metadata_access_level": "PRIVATE",
    "groups": []
  }
},
{
  "model": "daiquiri_metadata.column",
  "pk": 162,
  "fields": {
    "table": 5,
    "order": 127,
    "name": "fwhm_image_r",
    "description": "",
    "unit": "",
    "ucd": "",
    "utype": "",
    "datatype": "double",
    "arraysize": null,
    "principal": false,
    "indexed": false,
    "std": false,
    "index_for": "",
    "access_level": "PRIVATE",
    "metadata_access_level": "PRIVATE",
    "groups": []
  }
},
{
  "model": "daiquiri_metadata.column",
  "pk": 163,
  "fields": {
    "table": 5,
    "order": 128,
    "name": "fwhm_image_i",
    "description": "",
    "unit": "",
    "ucd": "",
    "utype": "",
    "datatype": "double",
    "arraysize": null,
    "principal": false,
    "indexed": false,
    "std": false,
    "index_for": "",
    "access_level": "PRIVATE",
    "metadata_access_level": "PRIVATE",
    "groups": []
  }
},
{
  "model": "daiquiri_metadata.column",
  "pk": 164,
  "fields": {
    "table": 5,
    "order": 129,
    "name": "fwhm_image_z",
    "description": "",
    "unit": "",
    "ucd": "",
    "utype": "",
    "datatype": "double",
    "arraysize": null,
    "principal": false,
    "indexed": false,
    "std": false,
    "index_for": "",
    "access_level": "PRIVATE",
    "metadata_access_level": "PRIVATE",
    "groups": []
  }
},
{
  "model": "daiquiri_metadata.column",
  "pk": 165,
  "fields": {
    "table": 5,
    "order": 130,
    "name": "fwhm_image_y",
    "description": "",
    "unit": "",
    "ucd": "",
    "utype": "",
    "datatype": "double",
    "arraysize": null,
    "principal": false,
    "indexed": false,
    "std": false,
    "index_for": "",
    "access_level": "PRIVATE",
    "metadata_access_level": "PRIVATE",
    "groups": []
  }
},
{
  "model": "daiquiri_metadata.column",
  "pk": 166,
  "fields": {
    "table": 5,
    "order": 131,
    "name": "isoarea_image_g",
    "description": "",
    "unit": "",
    "ucd": "",
    "utype": "",
    "datatype": "int",
    "arraysize": null,
    "principal": false,
    "indexed": false,
    "std": false,
    "index_for": "",
    "access_level": "PRIVATE",
    "metadata_access_level": "PRIVATE",
    "groups": []
  }
},
{
  "model": "daiquiri_metadata.column",
  "pk": 167,
  "fields": {
    "table": 5,
    "order": 132,
    "name": "isoarea_image_r",
    "description": "",
    "unit": "",
    "ucd": "",
    "utype": "",
    "datatype": "int",
    "arraysize": null,
    "principal": false,
    "indexed": false,
    "std": false,
    "index_for": "",
    "access_level": "PRIVATE",
    "metadata_access_level": "PRIVATE",
    "groups": []
  }
},
{
  "model": "daiquiri_metadata.column",
  "pk": 168,
  "fields": {
    "table": 5,
    "order": 133,
    "name": "isoarea_image_i",
    "description": "",
    "unit": "",
    "ucd": "",
    "utype": "",
    "datatype": "int",
    "arraysize": null,
    "principal": false,
    "indexed": false,
    "std": false,
    "index_for": "",
    "access_level": "PRIVATE",
    "metadata_access_level": "PRIVATE",
    "groups": []
  }
},
{
  "model": "daiquiri_metadata.column",
  "pk": 169,
  "fields": {
    "table": 5,
    "order": 134,
    "name": "isoarea_image_z",
    "description": "",
    "unit": "",
    "ucd": "",
    "utype": "",
    "datatype": "int",
    "arraysize": null,
    "principal": false,
    "indexed": false,
    "std": false,
    "index_for": "",
    "access_level": "PRIVATE",
    "metadata_access_level": "PRIVATE",
    "groups": []
  }
},
{
  "model": "daiquiri_metadata.column",
  "pk": 170,
  "fields": {
    "table": 5,
    "order": 135,
    "name": "isoarea_image_y",
    "description": "",
    "unit": "",
    "ucd": "",
    "utype": "",
    "datatype": "int",
    "arraysize": null,
    "principal": false,
    "indexed": false,
    "std": false,
    "index_for": "",
    "access_level": "PRIVATE",
    "metadata_access_level": "PRIVATE",
    "groups": []
  }
},
{
  "model": "daiquiri_metadata.column",
  "pk": 171,
  "fields": {
    "table": 5,
    "order": 136,
    "name": "background_g",
    "description": "",
    "unit": "",
    "ucd": "",
    "utype": "",
    "datatype": "double",
    "arraysize": null,
    "principal": false,
    "indexed": false,
    "std": false,
    "index_for": "",
    "access_level": "PRIVATE",
    "metadata_access_level": "PRIVATE",
    "groups": []
  }
},
{
  "model": "daiquiri_metadata.column",
  "pk": 172,
  "fields": {
    "table": 5,
    "order": 137,
    "name": "background_r",
    "description": "",
    "unit": "",
    "ucd": "",
    "utype": "",
    "datatype": "double",
    "arraysize": null,
    "principal": false,
    "indexed": false,
    "std": false,
    "index_for": "",
    "access_level": "PRIVATE",
    "metadata_access_level": "PRIVATE",
    "groups": []
  }
},
{
  "model": "daiquiri_metadata.column",
  "pk": 173,
  "fields": {
    "table": 5,
    "order": 138,
    "name": "background_i",
    "description": "",
    "unit": "",
    "ucd": "",
    "utype": "",
    "datatype": "double",
    "arraysize": null,
    "principal": false,
    "indexed": false,
    "std": false,
    "index_for": "",
    "access_level": "PRIVATE",
    "metadata_access_level": "PRIVATE",
    "groups": []
  }
},
{
  "model": "daiquiri_metadata.column",
  "pk": 174,
  "fields": {
    "table": 5,
    "order": 139,
    "name": "background_z",
    "description": "",
    "unit": "",
    "ucd": "",
    "utype": "",
    "datatype": "double",
    "arraysize": null,
    "principal": false,
    "indexed": false,
    "std": false,
    "index_for": "",
    "access_level": "PRIVATE",
    "metadata_access_level": "PRIVATE",
    "groups": []
  }
},
{
  "model": "daiquiri_metadata.column",
  "pk": 175,
  "fields": {
    "table": 5,
    "order": 140,
    "name": "background_y",
    "description": "",
    "unit": "",
    "ucd": "",
    "utype": "",
    "datatype": "double",
    "arraysize": null,
    "principal": false,
    "indexed": false,
    "std": false,
    "index_for": "",
    "access_level": "PRIVATE",
    "metadata_access_level": "PRIVATE",
    "groups": []
  }
},
{
  "model": "daiquiri_metadata.column",
  "pk": 176,
  "fields": {
    "table": 5,
    "order": 141,
    "name": "niter_model_g",
    "description": "",
    "unit": "",
    "ucd": "",
    "utype": "",
    "datatype": "int",
    "arraysize": null,
    "principal": false,
    "indexed": false,
    "std": false,
    "index_for": "",
    "access_level": "PRIVATE",
    "metadata_access_level": "PRIVATE",
    "groups": []
  }
},
{
  "model": "daiquiri_metadata.column",
  "pk": 177,
  "fields": {
    "table": 5,
    "order": 142,
    "name": "niter_model_r",
    "description": "",
    "unit": "",
    "ucd": "",
    "utype": "",
    "datatype": "int",
    "arraysize": null,
    "principal": false,
    "indexed": false,
    "std": false,
    "index_for": "",
    "access_level": "PRIVATE",
    "metadata_access_level": "PRIVATE",
    "groups": []
  }
},
{
  "model": "daiquiri_metadata.column",
  "pk": 178,
  "fields": {
    "table": 5,
    "order": 143,
    "name": "niter_model_i",
    "description": "",
    "unit": "",
    "ucd": "",
    "utype": "",
    "datatype": "int",
    "arraysize": null,
    "principal": false,
    "indexed": false,
    "std": false,
    "index_for": "",
    "access_level": "PRIVATE",
    "metadata_access_level": "PRIVATE",
    "groups": []
  }
},
{
  "model": "daiquiri_metadata.column",
  "pk": 179,
  "fields": {
    "table": 5,
    "order": 144,
    "name": "niter_model_z",
    "description": "",
    "unit": "",
    "ucd": "",
    "utype": "",
    "datatype": "int",
    "arraysize": null,
    "principal": false,
    "indexed": false,
    "std": false,
    "index_for": "",
    "access_level": "PRIVATE",
    "metadata_access_level": "PRIVATE",
    "groups": []
  }
},
{
  "model": "daiquiri_metadata.column",
  "pk": 180,
  "fields": {
    "table": 5,
    "order": 145,
    "name": "niter_model_y",
    "description": "",
    "unit": "",
    "ucd": "",
    "utype": "",
    "datatype": "int",
    "arraysize": null,
    "principal": false,
    "indexed": false,
    "std": false,
    "index_for": "",
    "access_level": "PRIVATE",
    "metadata_access_level": "PRIVATE",
    "groups": []
  }
},
{
  "model": "daiquiri_metadata.column",
  "pk": 181,
  "fields": {
    "table": 5,
    "order": 146,
    "name": "kron_radius_g",
    "description": "",
    "unit": "",
    "ucd": "",
    "utype": "",
    "datatype": "double",
    "arraysize": null,
    "principal": false,
    "indexed": false,
    "std": false,
    "index_for": "",
    "access_level": "PRIVATE",
    "metadata_access_level": "PRIVATE",
    "groups": []
  }
},
{
  "model": "daiquiri_metadata.column",
  "pk": 182,
  "fields": {
    "table": 5,
    "order": 147,
    "name": "kron_radius_r",
    "description": "",
    "unit": "",
    "ucd": "",
    "utype": "",
    "datatype": "double",
    "arraysize": null,
    "principal": false,
    "indexed": false,
    "std": false,
    "index_for": "",
    "access_level": "PRIVATE",
    "metadata_access_level": "PRIVATE",
    "groups": []
  }
},
{
  "model": "daiquiri_metadata.column",
  "pk": 183,
  "fields": {
    "table": 5,
    "order": 148,
    "name": "kron_radius_i",
    "description": "",
    "unit": "",
    "ucd": "",
    "utype": "",
    "datatype": "double",
    "arraysize": null,
    "principal": false,
    "indexed": false,
    "std": false,
    "index_for": "",
    "access_level": "PRIVATE",
    "metadata_access_level": "PRIVATE",
    "groups": []
  }
},
{
  "model": "daiquiri_metadata.column",
  "pk": 184,
  "fields": {
    "table": 5,
    "order": 149,
    "name": "kron_radius_z",
    "description": "",
    "unit": "",
    "ucd": "",
    "utype": "",
    "datatype": "double",
    "arraysize": null,
    "principal": false,
    "indexed": false,
    "std": false,
    "index_for": "",
    "access_level": "PRIVATE",
    "metadata_access_level": "PRIVATE",
    "groups": []
  }
},
{
  "model": "daiquiri_metadata.column",
  "pk": 185,
  "fields": {
    "table": 5,
    "order": 150,
    "name": "kron_radius_y",
    "description": "",
    "unit": "",
    "ucd": "",
    "utype": "",
    "datatype": "double",
    "arraysize": null,
    "principal": false,
    "indexed": false,
    "std": false,
    "index_for": "",
    "access_level": "PRIVATE",
    "metadata_access_level": "PRIVATE",
    "groups": []
  }
},
{
  "model": "daiquiri_metadata.column",
  "pk": 186,
  "fields": {
    "table": 5,
    "order": 151,
    "name": "mag_auto_g",
    "description": "",
    "unit": "",
    "ucd": "",
    "utype": "",
    "datatype": "double",
    "arraysize": null,
    "principal": false,
    "indexed": false,
    "std": false,
    "index_for": "",
    "access_level": "PRIVATE",
    "metadata_access_level": "PRIVATE",
    "groups": []
  }
},
{
  "model": "daiquiri_metadata.column",
  "pk": 187,
  "fields": {
    "table": 5,
    "order": 152,
    "name": "mag_auto_r",
    "description": "",
    "unit": "",
    "ucd": "",
    "utype": "",
    "datatype": "double",
    "arraysize": null,
    "principal": false,
    "indexed": false,
    "std": false,
    "index_for": "",
    "access_level": "PRIVATE",
    "metadata_access_level": "PRIVATE",
    "groups": []
  }
},
{
  "model": "daiquiri_metadata.column",
  "pk": 188,
  "fields": {
    "table": 5,
    "order": 153,
    "name": "mag_auto_i",
    "description": "",
    "unit": "",
    "ucd": "",
    "utype": "",
    "datatype": "double",
    "arraysize": null,
    "principal": false,
    "indexed": false,
    "std": false,
    "index_for": "",
    "access_level": "PRIVATE",
    "metadata_access_level": "PRIVATE",
    "groups": []
  }
},
{
  "model": "daiquiri_metadata.column",
  "pk": 189,
  "fields": {
    "table": 5,
    "order": 154,
    "name": "mag_auto_z",
    "description": "",
    "unit": "",
    "ucd": "",
    "utype": "",
    "datatype": "double",
    "arraysize": null,
    "principal": false,
    "indexed": false,
    "std": false,
    "index_for": "",
    "access_level": "PRIVATE",
    "metadata_access_level": "PRIVATE",
    "groups": []
  }
},
{
  "model": "daiquiri_metadata.column",
  "pk": 190,
  "fields": {
    "table": 5,
    "order": 155,
    "name": "mag_auto_y",
    "description": "",
    "unit": "",
    "ucd": "",
    "utype": "",
    "datatype": "double",
    "arraysize": null,
    "principal": false,
    "indexed": false,
    "std": false,
    "index_for": "",
    "access_level": "PRIVATE",
    "metadata_access_level": "PRIVATE",
    "groups": []
  }
},
{
  "model": "daiquiri_metadata.column",
  "pk": 191,
  "fields": {
    "table": 5,
    "order": 156,
    "name": "magerr_auto_g",
    "description": "",
    "unit": "",
    "ucd": "",
    "utype": "",
    "datatype": "double",
    "arraysize": null,
    "principal": false,
    "indexed": false,
    "std": false,
    "index_for": "",
    "access_level": "PRIVATE",
    "metadata_access_level": "PRIVATE",
    "groups": []
  }
},
{
  "model": "daiquiri_metadata.column",
  "pk": 192,
  "fields": {
    "table": 5,
    "order": 157,
    "name": "magerr_auto_r",
    "description": "",
    "unit": "",
    "ucd": "",
    "utype": "",
    "datatype": "double",
    "arraysize": null,
    "principal": false,
    "indexed": false,
    "std": false,
    "index_for": "",
    "access_level": "PRIVATE",
    "metadata_access_level": "PRIVATE",
    "groups": []
  }
},
{
  "model": "daiquiri_metadata.column",
  "pk": 193,
  "fields": {
    "table": 5,
    "order": 158,
    "name": "magerr_auto_i",
    "description": "",
    "unit": "",
    "ucd": "",
    "utype": "",
    "datatype": "double",
    "arraysize": null,
    "principal": false,
    "indexed": false,
    "std": false,
    "index_for": "",
    "access_level": "PRIVATE",
    "metadata_access_level": "PRIVATE",
    "groups": []
  }
},
{
  "model": "daiquiri_metadata.column",
  "pk": 194,
  "fields": {
    "table": 5,
    "order": 159,
    "name": "magerr_auto_z",
    "description": "",
    "unit": "",
    "ucd": "",
    "utype": "",
    "datatype": "double",
    "arraysize": null,
    "principal": false,
    "indexed": false,
    "std": false,
    "index_for": "",
    "access_level": "PRIVATE",
    "metadata_access_level": "PRIVATE",
    "groups": []
  }
},
{
  "model": "daiquiri_metadata.column",
  "pk": 195,
  "fields": {
    "table": 5,
    "order": 160,
    "name": "magerr_auto_y",
    "description": "",
    "unit": "",
    "ucd": "",
    "utype": "",
    "datatype": "double",
    "arraysize": null,
    "principal": false,
    "indexed": false,
    "std": false,
    "index_for": "",
    "access_level": "PRIVATE",
    "metadata_access_level": "PRIVATE",
    "groups": []
  }
},
{
  "model": "daiquiri_metadata.column",
  "pk": 196,
  "fields": {
    "table": 5,
    "order": 161,
    "name": "wavg_mag_psf_g",
    "description": "",
    "unit": "",
    "ucd": "",
    "utype": "",
    "datatype": "double",
    "arraysize": null,
    "principal": false,
    "indexed": false,
    "std": false,
    "index_for": "",
    "access_level": "PRIVATE",
    "metadata_access_level": "PRIVATE",
    "groups": []
  }
},
{
  "model": "daiquiri_metadata.column",
  "pk": 197,
  "fields": {
    "table": 5,
    "order": 162,
    "name": "wavg_mag_psf_r",
    "description": "",
    "unit": "",
    "ucd": "",
    "utype": "",
    "datatype": "double",
    "arraysize": null,
    "principal": false,
    "indexed": false,
    "std": false,
    "index_for": "",
    "access_level": "PRIVATE",
    "metadata_access_level": "PRIVATE",
    "groups": []
  }
},
{
  "model": "daiquiri_metadata.column",
  "pk": 198,
  "fields": {
    "table": 5,
    "order": 163,
    "name": "wavg_mag_psf_i",
    "description": "",
    "unit": "",
    "ucd": "",
    "utype": "",
    "datatype": "double",
    "arraysize": null,
    "principal": false,
    "indexed": false,
    "std": false,
    "index_for": "",
    "access_level": "PRIVATE",
    "metadata_access_level": "PRIVATE",
    "groups": []
  }
},
{
  "model": "daiquiri_metadata.column",
  "pk": 199,
  "fields": {
    "table": 5,
    "order": 164,
    "name": "wavg_mag_psf_z",
    "description": "",
    "unit": "",
    "ucd": "",
    "utype": "",
    "datatype": "double",
    "arraysize": null,
    "principal": false,
    "indexed": false,
    "std": false,
    "index_for": "",
    "access_level": "PRIVATE",
    "metadata_access_level": "PRIVATE",
    "groups": []
  }
},
{
  "model": "daiquiri_metadata.column",
  "pk": 200,
  "fields": {
    "table": 5,
    "order": 165,
    "name": "wavg_mag_psf_y",
    "description": "",
    "unit": "",
    "ucd": "",
    "utype": "",
    "datatype": "double",
    "arraysize": null,
    "principal": false,
    "indexed": false,
    "std": false,
    "index_for": "",
    "access_level": "PRIVATE",
    "metadata_access_level": "PRIVATE",
    "groups": []
  }
},
{
  "model": "daiquiri_metadata.column",
  "pk": 201,
  "fields": {
    "table": 5,
    "order": 166,
    "name": "wavg_magerr_psf_g",
    "description": "",
    "unit": "",
    "ucd": "",
    "utype": "",
    "datatype": "double",
    "arraysize": null,
    "principal": false,
    "indexed": false,
    "std": false,
    "index_for": "",
    "access_level": "PRIVATE",
    "metadata_access_level": "PRIVATE",
    "groups": []
  }
},
{
  "model": "daiquiri_metadata.column",
  "pk": 202,
  "fields": {
    "table": 5,
    "order": 167,
    "name": "wavg_magerr_psf_r",
    "description": "",
    "unit": "",
    "ucd": "",
    "utype": "",
    "datatype": "double",
    "arraysize": null,
    "principal": false,
    "indexed": false,
    "std": false,
    "index_for": "",
    "access_level": "PRIVATE",
    "metadata_access_level": "PRIVATE",
    "groups": []
  }
},
{
  "model": "daiquiri_metadata.column",
  "pk": 203,
  "fields": {
    "table": 5,
    "order": 168,
    "name": "wavg_magerr_psf_i",
    "description": "",
    "unit": "",
    "ucd": "",
    "utype": "",
    "datatype": "double",
    "arraysize": null,
    "principal": false,
    "indexed": false,
    "std": false,
    "index_for": "",
    "access_level": "PRIVATE",
    "metadata_access_level": "PRIVATE",
    "groups": []
  }
},
{
  "model": "daiquiri_metadata.column",
  "pk": 204,
  "fields": {
    "table": 5,
    "order": 169,
    "name": "wavg_magerr_psf_z",
    "description": "",
    "unit": "",
    "ucd": "",
    "utype": "",
    "datatype": "double",
    "arraysize": null,
    "principal": false,
    "indexed": false,
    "std": false,
    "index_for": "",
    "access_level": "PRIVATE",
    "metadata_access_level": "PRIVATE",
    "groups": []
  }
},
{
  "model": "daiquiri_metadata.column",
  "pk": 205,
  "fields": {
    "table": 5,
    "order": 170,
    "name": "wavg_magerr_psf_y",
    "description": "",
    "unit": "",
    "ucd": "",
    "utype": "",
    "datatype": "double",
    "arraysize": null,
    "principal": false,
    "indexed": false,
    "std": false,
    "index_for": "",
    "access_level": "PRIVATE",
    "metadata_access_level": "PRIVATE",
    "groups": []
  }
},
{
  "model": "daiquiri_metadata.column",
  "pk": 206,
  "fields": {
    "table": 5,
    "order": 171,
    "name": "flux_auto_g",
    "description": "",
    "unit": "",
    "ucd": "",
    "utype": "",
    "datatype": "double",
    "arraysize": null,
    "principal": false,
    "indexed": false,
    "std": false,
    "index_for": "",
    "access_level": "PRIVATE",
    "metadata_access_level": "PRIVATE",
    "groups": []
  }
},
{
  "model": "daiquiri_metadata.column",
  "pk": 207,
  "fields": {
    "table": 5,
    "order": 172,
    "name": "flux_auto_r",
    "description": "",
    "unit": "",
    "ucd": "",
    "utype": "",
    "datatype": "double",
    "arraysize": null,
    "principal": false,
    "indexed": false,
    "std": false,
    "index_for": "",
    "access_level": "PRIVATE",
    "metadata_access_level": "PRIVATE",
    "groups": []
  }
},
{
  "model": "daiquiri_metadata.column",
  "pk": 208,
  "fields": {
    "table": 5,
    "order": 173,
    "name": "flux_auto_i",
    "description": "",
    "unit": "",
    "ucd": "",
    "utype": "",
    "datatype": "double",
    "arraysize": null,
    "principal": false,
    "indexed": false,
    "std": false,
    "index_for": "",
    "access_level": "PRIVATE",
    "metadata_access_level": "PRIVATE",
    "groups": []
  }
},
{
  "model": "daiquiri_metadata.column",
  "pk": 209,
  "fields": {
    "table": 5,
    "order": 174,
    "name": "flux_auto_z",
    "description": "",
    "unit": "",
    "ucd": "",
    "utype": "",
    "datatype": "double",
    "arraysize": null,
    "principal": false,
    "indexed": false,
    "std": false,
    "index_for": "",
    "access_level": "PRIVATE",
    "metadata_access_level": "PRIVATE",
    "groups": []
  }
},
{
  "model": "daiquiri_metadata.column",
  "pk": 210,
  "fields": {
    "table": 5,
    "order": 175,
    "name": "flux_auto_y",
    "description": "",
    "unit": "",
    "ucd": "",
    "utype": "",
    "datatype": "double",
    "arraysize": null,
    "principal": false,
    "indexed": false,
    "std": false,
    "index_for": "",
    "access_level": "PRIVATE",
    "metadata_access_level": "PRIVATE",
    "groups": []
  }
},
{
  "model": "daiquiri_metadata.column",
  "pk": 211,
  "fields": {
    "table": 5,
    "order": 176,
    "name": "fluxerr_auto_g",
    "description": "",
    "unit": "",
    "ucd": "",
    "utype": "",
    "datatype": "double",
    "arraysize": null,
    "principal": false,
    "indexed": false,
    "std": false,
    "index_for": "",
    "access_level": "PRIVATE",
    "metadata_access_level": "PRIVATE",
    "groups": []
  }
},
{
  "model": "daiquiri_metadata.column",
  "pk": 212,
  "fields": {
    "table": 5,
    "order": 177,
    "name": "fluxerr_auto_r",
    "description": "",
    "unit": "",
    "ucd": "",
    "utype": "",
    "datatype": "double",
    "arraysize": null,
    "principal": false,
    "indexed": false,
    "std": false,
    "index_for": "",
    "access_level": "PRIVATE",
    "metadata_access_level": "PRIVATE",
    "groups": []
  }
},
{
  "model": "daiquiri_metadata.column",
  "pk": 213,
  "fields": {
    "table": 5,
    "order": 178,
    "name": "fluxerr_auto_i",
    "description": "",
    "unit": "",
    "ucd": "",
    "utype": "",
    "datatype": "double",
    "arraysize": null,
    "principal": false,
    "indexed": false,
    "std": false,
    "index_for": "",
    "access_level": "PRIVATE",
    "metadata_access_level": "PRIVATE",
    "groups": []
  }
},
{
  "model": "daiquiri_metadata.column",
  "pk": 214,
  "fields": {
    "table": 5,
    "order": 179,
    "name": "fluxerr_auto_z",
    "description": "",
    "unit": "",
    "ucd": "",
    "utype": "",
    "datatype": "double",
    "arraysize": null,
    "principal": false,
    "indexed": false,
    "std": false,
    "index_for": "",
    "access_level": "PRIVATE",
    "metadata_access_level": "PRIVATE",
    "groups": []
  }
},
{
  "model": "daiquiri_metadata.column",
  "pk": 215,
  "fields": {
    "table": 5,
    "order": 180,
    "name": "fluxerr_auto_y",
    "description": "",
    "unit": "",
    "ucd": "",
    "utype": "",
    "datatype": "double",
    "arraysize": null,
    "principal": false,
    "indexed": false,
    "std": false,
    "index_for": "",
    "access_level": "PRIVATE",
    "metadata_access_level": "PRIVATE",
    "groups": []
  }
},
{
  "model": "daiquiri_metadata.column",
  "pk": 216,
  "fields": {
    "table": 5,
    "order": 181,
    "name": "wavg_flux_psf_g",
    "description": "",
    "unit": "",
    "ucd": "",
    "utype": "",
    "datatype": "double",
    "arraysize": null,
    "principal": false,
    "indexed": false,
    "std": false,
    "index_for": "",
    "access_level": "PRIVATE",
    "metadata_access_level": "PRIVATE",
    "groups": []
  }
},
{
  "model": "daiquiri_metadata.column",
  "pk": 217,
  "fields": {
    "table": 5,
    "order": 182,
    "name": "wavg_flux_psf_r",
    "description": "",
    "unit": "",
    "ucd": "",
    "utype": "",
    "datatype": "double",
    "arraysize": null,
    "principal": false,
    "indexed": false,
    "std": false,
    "index_for": "",
    "access_level": "PRIVATE",
    "metadata_access_level": "PRIVATE",
    "groups": []
  }
},
{
  "model": "daiquiri_metadata.column",
  "pk": 218,
  "fields": {
    "table": 5,
    "order": 183,
    "name": "wavg_flux_psf_i",
    "description": "",
    "unit": "",
    "ucd": "",
    "utype": "",
    "datatype": "double",
    "arraysize": null,
    "principal": false,
    "indexed": false,
    "std": false,
    "index_for": "",
    "access_level": "PRIVATE",
    "metadata_access_level": "PRIVATE",
    "groups": []
  }
},
{
  "model": "daiquiri_metadata.column",
  "pk": 219,
  "fields": {
    "table": 5,
    "order": 184,
    "name": "wavg_flux_psf_z",
    "description": "",
    "unit": "",
    "ucd": "",
    "utype": "",
    "datatype": "double",
    "arraysize": null,
    "principal": false,
    "indexed": false,
    "std": false,
    "index_for": "",
    "access_level": "PRIVATE",
    "metadata_access_level": "PRIVATE",
    "groups": []
  }
},
{
  "model": "daiquiri_metadata.column",
  "pk": 220,
  "fields": {
    "table": 5,
    "order": 185,
    "name": "wavg_flux_psf_y",
    "description": "",
    "unit": "",
    "ucd": "",
    "utype": "",
    "datatype": "double",
    "arraysize": null,
    "principal": false,
    "indexed": false,
    "std": false,
    "index_for": "",
    "access_level": "PRIVATE",
    "metadata_access_level": "PRIVATE",
    "groups": []
  }
},
{
  "model": "daiquiri_metadata.column",
  "pk": 221,
  "fields": {
    "table": 5,
    "order": 186,
    "name": "wavg_fluxerr_psf_g",
    "description": "",
    "unit": "",
    "ucd": "",
    "utype": "",
    "datatype": "double",
    "arraysize": null,
    "principal": false,
    "indexed": false,
    "std": false,
    "index_for": "",
    "access_level": "PRIVATE",
    "metadata_access_level": "PRIVATE",
    "groups": []
  }
},
{
  "model": "daiquiri_metadata.column",
  "pk": 222,
  "fields": {
    "table": 5,
    "order": 187,
    "name": "wavg_fluxerr_psf_r",
    "description": "",
    "unit": "",
    "ucd": "",
    "utype": "",
    "datatype": "double",
    "arraysize": null,
    "principal": false,
    "indexed": false,
    "std": false,
    "index_for": "",
    "access_level": "PRIVATE",
    "metadata_access_level": "PRIVATE",
    "groups": []
  }
},
{
  "model": "daiquiri_metadata.column",
  "pk": 223,
  "fields": {
    "table": 5,
    "order": 188,
    "name": "wavg_fluxerr_psf_i",
    "description": "",
    "unit": "",
    "ucd": "",
    "utype": "",
    "datatype": "double",
    "arraysize": null,
    "principal": false,
    "indexed": false,
    "std": false,
    "index_for": "",
    "access_level": "PRIVATE",
    "metadata_access_level": "PRIVATE",
    "groups": []
  }
},
{
  "model": "daiquiri_metadata.column",
  "pk": 224,
  "fields": {
    "table": 5,
    "order": 189,
    "name": "wavg_fluxerr_psf_z",
    "description": "",
    "unit": "",
    "ucd": "",
    "utype": "",
    "datatype": "double",
    "arraysize": null,
    "principal": false,
    "indexed": false,
    "std": false,
    "index_for": "",
    "access_level": "PRIVATE",
    "metadata_access_level": "PRIVATE",
    "groups": []
  }
},
{
  "model": "daiquiri_metadata.column",
  "pk": 225,
  "fields": {
    "table": 5,
    "order": 190,
    "name": "wavg_fluxerr_psf_y",
    "description": "",
    "unit": "",
    "ucd": "",
    "utype": "",
    "datatype": "double",
    "arraysize": null,
    "principal": false,
    "indexed": false,
    "std": false,
    "index_for": "",
    "access_level": "PRIVATE",
    "metadata_access_level": "PRIVATE",
    "groups": []
  }
},
{
  "model": "daiquiri_metadata.column",
  "pk": 226,
  "fields": {
    "table": 5,
    "order": 191,
    "name": "class_star_g",
    "description": "",
    "unit": "",
    "ucd": "",
    "utype": "",
    "datatype": "double",
    "arraysize": null,
    "principal": false,
    "indexed": false,
    "std": false,
    "index_for": "",
    "access_level": "PRIVATE",
    "metadata_access_level": "PRIVATE",
    "groups": []
  }
},
{
  "model": "daiquiri_metadata.column",
  "pk": 227,
  "fields": {
    "table": 5,
    "order": 192,
    "name": "class_star_r",
    "description": "",
    "unit": "",
    "ucd": "",
    "utype": "",
    "datatype": "double",
    "arraysize": null,
    "principal": false,
    "indexed": false,
    "std": false,
    "index_for": "",
    "access_level": "PRIVATE",
    "metadata_access_level": "PRIVATE",
    "groups": []
  }
},
{
  "model": "daiquiri_metadata.column",
  "pk": 228,
  "fields": {
    "table": 5,
    "order": 193,
    "name": "class_star_i",
    "description": "",
    "unit": "",
    "ucd": "",
    "utype": "",
    "datatype": "double",
    "arraysize": null,
    "principal": false,
    "indexed": false,
    "std": false,
    "index_for": "",
    "access_level": "PRIVATE",
    "metadata_access_level": "PRIVATE",
    "groups": []
  }
},
{
  "model": "daiquiri_metadata.column",
  "pk": 229,
  "fields": {
    "table": 5,
    "order": 194,
    "name": "class_star_z",
    "description": "",
    "unit": "",
    "ucd": "",
    "utype": "",
    "datatype": "double",
    "arraysize": null,
    "principal": false,
    "indexed": false,
    "std": false,
    "index_for": "",
    "access_level": "PRIVATE",
    "metadata_access_level": "PRIVATE",
    "groups": []
  }
},
{
  "model": "daiquiri_metadata.column",
  "pk": 230,
  "fields": {
    "table": 5,
    "order": 195,
    "name": "class_star_y",
    "description": "",
    "unit": "",
    "ucd": "",
    "utype": "",
    "datatype": "double",
    "arraysize": null,
    "principal": false,
    "indexed": false,
    "std": false,
    "index_for": "",
    "access_level": "PRIVATE",
    "metadata_access_level": "PRIVATE",
    "groups": []
  }
},
{
  "model": "daiquiri_metadata.column",
  "pk": 231,
  "fields": {
    "table": 5,
    "order": 196,
    "name": "spread_model_g",
    "description": "",
    "unit": "",
    "ucd": "",
    "utype": "",
    "datatype": "double",
    "arraysize": null,
    "principal": false,
    "indexed": false,
    "std": false,
    "index_for": "",
    "access_level": "PRIVATE",
    "metadata_access_level": "PRIVATE",
    "groups": []
  }
},
{
  "model": "daiquiri_metadata.column",
  "pk": 232,
  "fields": {
    "table": 5,
    "order": 197,
    "name": "spread_model_r",
    "description": "",
    "unit": "",
    "ucd": "",
    "utype": "",
    "datatype": "double",
    "arraysize": null,
    "principal": false,
    "indexed": false,
    "std": false,
    "index_for": "",
    "access_level": "PRIVATE",
    "metadata_access_level": "PRIVATE",
    "groups": []
  }
},
{
  "model": "daiquiri_metadata.column",
  "pk": 233,
  "fields": {
    "table": 5,
    "order": 198,
    "name": "spread_model_i",
    "description": "",
    "unit": "",
    "ucd": "",
    "utype": "",
    "datatype": "double",
    "arraysize": null,
    "principal": false,
    "indexed": false,
    "std": false,
    "index_for": "",
    "access_level": "PRIVATE",
    "metadata_access_level": "PRIVATE",
    "groups": []
  }
},
{
  "model": "daiquiri_metadata.column",
  "pk": 234,
  "fields": {
    "table": 5,
    "order": 199,
    "name": "spread_model_z",
    "description": "",
    "unit": "",
    "ucd": "",
    "utype": "",
    "datatype": "double",
    "arraysize": null,
    "principal": false,
    "indexed": false,
    "std": false,
    "index_for": "",
    "access_level": "PRIVATE",
    "metadata_access_level": "PRIVATE",
    "groups": []
  }
},
{
  "model": "daiquiri_metadata.column",
  "pk": 235,
  "fields": {
    "table": 5,
    "order": 200,
    "name": "spread_model_y",
    "description": "",
    "unit": "",
    "ucd": "",
    "utype": "",
    "datatype": "double",
    "arraysize": null,
    "principal": false,
    "indexed": false,
    "std": false,
    "index_for": "",
    "access_level": "PRIVATE",
    "metadata_access_level": "PRIVATE",
    "groups": []
  }
},
{
  "model": "daiquiri_metadata.column",
  "pk": 236,
  "fields": {
    "table": 5,
    "order": 201,
    "name": "wavg_spread_model_g",
    "description": "",
    "unit": "",
    "ucd": "",
    "utype": "",
    "datatype": "double",
    "arraysize": null,
    "principal": false,
    "indexed": false,
    "std": false,
    "index_for": "",
    "access_level": "PRIVATE",
    "metadata_access_level": "PRIVATE",
    "groups": []
  }
},
{
  "model": "daiquiri_metadata.column",
  "pk": 237,
  "fields": {
    "table": 5,
    "order": 202,
    "name": "wavg_spread_model_r",
    "description": "",
    "unit": "",
    "ucd": "",
    "utype": "",
    "datatype": "double",
    "arraysize": null,
    "principal": false,
    "indexed": false,
    "std": false,
    "index_for": "",
    "access_level": "PRIVATE",
    "metadata_access_level": "PRIVATE",
    "groups": []
  }
},
{
  "model": "daiquiri_metadata.column",
  "pk": 238,
  "fields": {
    "table": 5,
    "order": 203,
    "name": "wavg_spread_model_i",
    "description": "",
    "unit": "",
    "ucd": "",
    "utype": "",
    "datatype": "double",
    "arraysize": null,
    "principal": false,
    "indexed": false,
    "std": false,
    "index_for": "",
    "access_level": "PRIVATE",
    "metadata_access_level": "PRIVATE",
    "groups": []
  }
},
{
  "model": "daiquiri_metadata.column",
  "pk": 239,
  "fields": {
    "table": 5,
    "order": 204,
    "name": "wavg_spread_model_z",
    "description": "",
    "unit": "",
    "ucd": "",
    "utype": "",
    "datatype": "double",
    "arraysize": null,
    "principal": false,
    "indexed": false,
    "std": false,
    "index_for": "",
    "access_level": "PRIVATE",
    "metadata_access_level": "PRIVATE",
    "groups": []
  }
},
{
  "model": "daiquiri_metadata.column",
  "pk": 240,
  "fields": {
    "table": 5,
    "order": 205,
    "name": "wavg_spread_model_y",
    "description": "",
    "unit": "",
    "ucd": "",
    "utype": "",
    "datatype": "double",
    "arraysize": null,
    "principal": false,
    "indexed": false,
    "std": false,
    "index_for": "",
    "access_level": "PRIVATE",
    "metadata_access_level": "PRIVATE",
    "groups": []
  }
},
{
  "model": "daiquiri_metadata.column",
  "pk": 241,
  "fields": {
    "table": 5,
    "order": 206,
    "name": "spreaderr_model_g",
    "description": "",
    "unit": "",
    "ucd": "",
    "utype": "",
    "datatype": "double",
    "arraysize": null,
    "principal": false,
    "indexed": false,
    "std": false,
    "index_for": "",
    "access_level": "PRIVATE",
    "metadata_access_level": "PRIVATE",
    "groups": []
  }
},
{
  "model": "daiquiri_metadata.column",
  "pk": 242,
  "fields": {
    "table": 5,
    "order": 207,
    "name": "spreaderr_model_r",
    "description": "",
    "unit": "",
    "ucd": "",
    "utype": "",
    "datatype": "double",
    "arraysize": null,
    "principal": false,
    "indexed": false,
    "std": false,
    "index_for": "",
    "access_level": "PRIVATE",
    "metadata_access_level": "PRIVATE",
    "groups": []
  }
},
{
  "model": "daiquiri_metadata.column",
  "pk": 243,
  "fields": {
    "table": 5,
    "order": 208,
    "name": "spreaderr_model_i",
    "description": "",
    "unit": "",
    "ucd": "",
    "utype": "",
    "datatype": "double",
    "arraysize": null,
    "principal": false,
    "indexed": false,
    "std": false,
    "index_for": "",
    "access_level": "PRIVATE",
    "metadata_access_level": "PRIVATE",
    "groups": []
  }
},
{
  "model": "daiquiri_metadata.column",
  "pk": 244,
  "fields": {
    "table": 5,
    "order": 209,
    "name": "spreaderr_model_z",
    "description": "",
    "unit": "",
    "ucd": "",
    "utype": "",
    "datatype": "double",
    "arraysize": null,
    "principal": false,
    "indexed": false,
    "std": false,
    "index_for": "",
    "access_level": "PRIVATE",
    "metadata_access_level": "PRIVATE",
    "groups": []
  }
},
{
  "model": "daiquiri_metadata.column",
  "pk": 245,
  "fields": {
    "table": 5,
    "order": 210,
    "name": "spreaderr_model_y",
    "description": "",
    "unit": "",
    "ucd": "",
    "utype": "",
    "datatype": "double",
    "arraysize": null,
    "principal": false,
    "indexed": false,
    "std": false,
    "index_for": "",
    "access_level": "PRIVATE",
    "metadata_access_level": "PRIVATE",
    "groups": []
  }
},
{
  "model": "daiquiri_metadata.column",
  "pk": 246,
  "fields": {
    "table": 5,
    "order": 211,
    "name": "wavg_spreaderr_model_g",
    "description": "",
    "unit": "",
    "ucd": "",
    "utype": "",
    "datatype": "double",
    "arraysize": null,
    "principal": false,
    "indexed": false,
    "std": false,
    "index_for": "",
    "access_level": "PRIVATE",
    "metadata_access_level": "PRIVATE",
    "groups": []
  }
},
{
  "model": "daiquiri_metadata.column",
  "pk": 247,
  "fields": {
    "table": 5,
    "order": 212,
    "name": "wavg_spreaderr_model_r",
    "description": "",
    "unit": "",
    "ucd": "",
    "utype": "",
    "datatype": "double",
    "arraysize": null,
    "principal": false,
    "indexed": false,
    "std": false,
    "index_for": "",
    "access_level": "PRIVATE",
    "metadata_access_level": "PRIVATE",
    "groups": []
  }
},
{
  "model": "daiquiri_metadata.column",
  "pk": 248,
  "fields": {
    "table": 5,
    "order": 213,
    "name": "wavg_spreaderr_model_i",
    "description": "",
    "unit": "",
    "ucd": "",
    "utype": "",
    "datatype": "double",
    "arraysize": null,
    "principal": false,
    "indexed": false,
    "std": false,
    "index_for": "",
    "access_level": "PRIVATE",
    "metadata_access_level": "PRIVATE",
    "groups": []
  }
},
{
  "model": "daiquiri_metadata.column",
  "pk": 249,
  "fields": {
    "table": 5,
    "order": 214,
    "name": "wavg_spreaderr_model_z",
    "description": "",
    "unit": "",
    "ucd": "",
    "utype": "",
    "datatype": "double",
    "arraysize": null,
    "principal": false,
    "indexed": false,
    "std": false,
    "index_for": "",
    "access_level": "PRIVATE",
    "metadata_access_level": "PRIVATE",
    "groups": []
  }
},
{
  "model": "daiquiri_metadata.column",
  "pk": 250,
  "fields": {
    "table": 5,
    "order": 215,
    "name": "wavg_spreaderr_model_y",
    "description": "",
    "unit": "",
    "ucd": "",
    "utype": "",
    "datatype": "double",
    "arraysize": null,
    "principal": false,
    "indexed": false,
    "std": false,
    "index_for": "",
    "access_level": "PRIVATE",
    "metadata_access_level": "PRIVATE",
    "groups": []
  }
},
{
  "model": "daiquiri_metadata.column",
  "pk": 251,
  "fields": {
    "table": 6,
    "order": 1,
    "name": "solution_id",
    "description": "",
    "unit": "",
    "ucd": "",
    "utype": "",
    "datatype": "long",
    "arraysize": null,
    "principal": false,
    "indexed": false,
    "std": false,
    "index_for": "",
    "access_level": "PRIVATE",
    "metadata_access_level": "PRIVATE",
    "groups": []
  }
},
{
  "model": "daiquiri_metadata.column",
  "pk": 252,
  "fields": {
    "table": 6,
    "order": 2,
    "name": "designation",
    "description": "",
    "unit": "",
    "ucd": "",
    "utype": "",
    "datatype": "char",
    "arraysize": null,
    "principal": false,
    "indexed": false,
    "std": false,
    "index_for": "",
    "access_level": "PRIVATE",
    "metadata_access_level": "PRIVATE",
    "groups": []
  }
},
{
  "model": "daiquiri_metadata.column",
  "pk": 253,
  "fields": {
    "table": 6,
    "order": 3,
    "name": "source_id",
    "description": "",
    "unit": "",
    "ucd": "",
    "utype": "",
    "datatype": "long",
    "arraysize": null,
    "principal": false,
    "indexed": false,
    "std": false,
    "index_for": "",
    "access_level": "PRIVATE",
    "metadata_access_level": "PRIVATE",
    "groups": []
  }
},
{
  "model": "daiquiri_metadata.column",
  "pk": 254,
  "fields": {
    "table": 6,
    "order": 4,
    "name": "random_index",
    "description": "",
    "unit": "",
    "ucd": "",
    "utype": "",
    "datatype": "int",
    "arraysize": null,
    "principal": false,
    "indexed": false,
    "std": false,
    "index_for": "",
    "access_level": "PRIVATE",
    "metadata_access_level": "PRIVATE",
    "groups": []
  }
},
{
  "model": "daiquiri_metadata.column",
  "pk": 255,
  "fields": {
    "table": 6,
    "order": 5,
    "name": "ref_epoch",
    "description": "",
    "unit": "",
    "ucd": "",
    "utype": "",
    "datatype": "float",
    "arraysize": null,
    "principal": false,
    "indexed": false,
    "std": false,
    "index_for": "",
    "access_level": "PRIVATE",
    "metadata_access_level": "PRIVATE",
    "groups": []
  }
},
{
  "model": "daiquiri_metadata.column",
  "pk": 256,
  "fields": {
    "table": 6,
    "order": 6,
    "name": "ra",
    "description": "",
    "unit": "",
    "ucd": "",
    "utype": "",
    "datatype": "double",
    "arraysize": null,
    "principal": false,
    "indexed": false,
    "std": false,
    "index_for": "",
    "access_level": "PRIVATE",
    "metadata_access_level": "PRIVATE",
    "groups": []
  }
},
{
  "model": "daiquiri_metadata.column",
  "pk": 257,
  "fields": {
    "table": 6,
    "order": 7,
    "name": "ra_error",
    "description": "",
    "unit": "",
    "ucd": "",
    "utype": "",
    "datatype": "double",
    "arraysize": null,
    "principal": false,
    "indexed": false,
    "std": false,
    "index_for": "",
    "access_level": "PRIVATE",
    "metadata_access_level": "PRIVATE",
    "groups": []
  }
},
{
  "model": "daiquiri_metadata.column",
  "pk": 258,
  "fields": {
    "table": 6,
    "order": 8,
    "name": "dec",
    "description": "",
    "unit": "",
    "ucd": "",
    "utype": "",
    "datatype": "double",
    "arraysize": null,
    "principal": false,
    "indexed": false,
    "std": false,
    "index_for": "",
    "access_level": "PRIVATE",
    "metadata_access_level": "PRIVATE",
    "groups": []
  }
},
{
  "model": "daiquiri_metadata.column",
  "pk": 259,
  "fields": {
    "table": 6,
    "order": 9,
    "name": "dec_error",
    "description": "",
    "unit": "",
    "ucd": "",
    "utype": "",
    "datatype": "double",
    "arraysize": null,
    "principal": false,
    "indexed": false,
    "std": false,
    "index_for": "",
    "access_level": "PRIVATE",
    "metadata_access_level": "PRIVATE",
    "groups": []
  }
},
{
  "model": "daiquiri_metadata.column",
  "pk": 260,
  "fields": {
    "table": 6,
    "order": 10,
    "name": "parallax",
    "description": "",
    "unit": "",
    "ucd": "",
    "utype": "",
    "datatype": "double",
    "arraysize": null,
    "principal": false,
    "indexed": false,
    "std": false,
    "index_for": "",
    "access_level": "PRIVATE",
    "metadata_access_level": "PRIVATE",
    "groups": []
  }
},
{
  "model": "daiquiri_metadata.column",
  "pk": 261,
  "fields": {
    "table": 6,
    "order": 11,
    "name": "parallax_error",
    "description": "",
    "unit": "",
    "ucd": "",
    "utype": "",
    "datatype": "double",
    "arraysize": null,
    "principal": false,
    "indexed": false,
    "std": false,
    "index_for": "",
    "access_level": "PRIVATE",
    "metadata_access_level": "PRIVATE",
    "groups": []
  }
},
{
  "model": "daiquiri_metadata.column",
  "pk": 262,
  "fields": {
    "table": 6,
    "order": 12,
    "name": "parallax_over_error",
    "description": "",
    "unit": "",
    "ucd": "",
    "utype": "",
    "datatype": "double",
    "arraysize": null,
    "principal": false,
    "indexed": false,
    "std": false,
    "index_for": "",
    "access_level": "PRIVATE",
    "metadata_access_level": "PRIVATE",
    "groups": []
  }
},
{
  "model": "daiquiri_metadata.column",
  "pk": 263,
  "fields": {
    "table": 6,
    "order": 13,
    "name": "pmra",
    "description": "",
    "unit": "",
    "ucd": "",
    "utype": "",
    "datatype": "double",
    "arraysize": null,
    "principal": false,
    "indexed": false,
    "std": false,
    "index_for": "",
    "access_level": "PRIVATE",
    "metadata_access_level": "PRIVATE",
    "groups": []
  }
},
{
  "model": "daiquiri_metadata.column",
  "pk": 264,
  "fields": {
    "table": 6,
    "order": 14,
    "name": "pmra_error",
    "description": "",
    "unit": "",
    "ucd": "",
    "utype": "",
    "datatype": "double",
    "arraysize": null,
    "principal": false,
    "indexed": false,
    "std": false,
    "index_for": "",
    "access_level": "PRIVATE",
    "metadata_access_level": "PRIVATE",
    "groups": []
  }
},
{
  "model": "daiquiri_metadata.column",
  "pk": 265,
  "fields": {
    "table": 6,
    "order": 15,
    "name": "pmdec",
    "description": "",
    "unit": "",
    "ucd": "",
    "utype": "",
    "datatype": "double",
    "arraysize": null,
    "principal": false,
    "indexed": false,
    "std": false,
    "index_for": "",
    "access_level": "PRIVATE",
    "metadata_access_level": "PRIVATE",
    "groups": []
  }
},
{
  "model": "daiquiri_metadata.column",
  "pk": 266,
  "fields": {
    "table": 6,
    "order": 16,
    "name": "pmdec_error",
    "description": "",
    "unit": "",
    "ucd": "",
    "utype": "",
    "datatype": "double",
    "arraysize": null,
    "principal": false,
    "indexed": false,
    "std": false,
    "index_for": "",
    "access_level": "PRIVATE",
    "metadata_access_level": "PRIVATE",
    "groups": []
  }
},
{
  "model": "daiquiri_metadata.column",
  "pk": 267,
  "fields": {
    "table": 6,
    "order": 17,
    "name": "ra_dec_corr",
    "description": "",
    "unit": "",
    "ucd": "",
    "utype": "",
    "datatype": "double",
    "arraysize": null,
    "principal": false,
    "indexed": false,
    "std": false,
    "index_for": "",
    "access_level": "PRIVATE",
    "metadata_access_level": "PRIVATE",
    "groups": []
  }
},
{
  "model": "daiquiri_metadata.column",
  "pk": 268,
  "fields": {
    "table": 6,
    "order": 18,
    "name": "ra_parallax_corr",
    "description": "",
    "unit": "",
    "ucd": "",
    "utype": "",
    "datatype": "double",
    "arraysize": null,
    "principal": false,
    "indexed": false,
    "std": false,
    "index_for": "",
    "access_level": "PRIVATE",
    "metadata_access_level": "PRIVATE",
    "groups": []
  }
},
{
  "model": "daiquiri_metadata.column",
  "pk": 269,
  "fields": {
    "table": 6,
    "order": 19,
    "name": "ra_pmra_corr",
    "description": "",
    "unit": "",
    "ucd": "",
    "utype": "",
    "datatype": "double",
    "arraysize": null,
    "principal": false,
    "indexed": false,
    "std": false,
    "index_for": "",
    "access_level": "PRIVATE",
    "metadata_access_level": "PRIVATE",
    "groups": []
  }
},
{
  "model": "daiquiri_metadata.column",
  "pk": 270,
  "fields": {
    "table": 6,
    "order": 20,
    "name": "ra_pmdec_corr",
    "description": "",
    "unit": "",
    "ucd": "",
    "utype": "",
    "datatype": "double",
    "arraysize": null,
    "principal": false,
    "indexed": false,
    "std": false,
    "index_for": "",
    "access_level": "PRIVATE",
    "metadata_access_level": "PRIVATE",
    "groups": []
  }
},
{
  "model": "daiquiri_metadata.column",
  "pk": 271,
  "fields": {
    "table": 6,
    "order": 21,
    "name": "dec_parallax_corr",
    "description": "",
    "unit": "",
    "ucd": "",
    "utype": "",
    "datatype": "double",
    "arraysize": null,
    "principal": false,
    "indexed": false,
    "std": false,
    "index_for": "",
    "access_level": "PRIVATE",
    "metadata_access_level": "PRIVATE",
    "groups": []
  }
},
{
  "model": "daiquiri_metadata.column",
  "pk": 272,
  "fields": {
    "table": 6,
    "order": 22,
    "name": "dec_pmra_corr",
    "description": "",
    "unit": "",
    "ucd": "",
    "utype": "",
    "datatype": "double",
    "arraysize": null,
    "principal": false,
    "indexed": false,
    "std": false,
    "index_for": "",
    "access_level": "PRIVATE",
    "metadata_access_level": "PRIVATE",
    "groups": []
  }
},
{
  "model": "daiquiri_metadata.column",
  "pk": 273,
  "fields": {
    "table": 6,
    "order": 23,
    "name": "dec_pmdec_corr",
    "description": "",
    "unit": "",
    "ucd": "",
    "utype": "",
    "datatype": "double",
    "arraysize": null,
    "principal": false,
    "indexed": false,
    "std": false,
    "index_for": "",
    "access_level": "PRIVATE",
    "metadata_access_level": "PRIVATE",
    "groups": []
  }
},
{
  "model": "daiquiri_metadata.column",
  "pk": 274,
  "fields": {
    "table": 6,
    "order": 24,
    "name": "parallax_pmra_corr",
    "description": "",
    "unit": "",
    "ucd": "",
    "utype": "",
    "datatype": "double",
    "arraysize": null,
    "principal": false,
    "indexed": false,
    "std": false,
    "index_for": "",
    "access_level": "PRIVATE",
    "metadata_access_level": "PRIVATE",
    "groups": []
  }
},
{
  "model": "daiquiri_metadata.column",
  "pk": 275,
  "fields": {
    "table": 6,
    "order": 25,
    "name": "parallax_pmdec_corr",
    "description": "",
    "unit": "",
    "ucd": "",
    "utype": "",
    "datatype": "double",
    "arraysize": null,
    "principal": false,
    "indexed": false,
    "std": false,
    "index_for": "",
    "access_level": "PRIVATE",
    "metadata_access_level": "PRIVATE",
    "groups": []
  }
},
{
  "model": "daiquiri_metadata.column",
  "pk": 276,
  "fields": {
    "table": 6,
    "order": 26,
    "name": "pmra_pmdec_corr",
    "description": "",
    "unit": "",
    "ucd": "",
    "utype": "",
    "datatype": "double",
    "arraysize": null,
    "principal": false,
    "indexed": false,
    "std": false,
    "index_for": "",
    "access_level": "PRIVATE",
    "metadata_access_level": "PRIVATE",
    "groups": []
  }
},
{
  "model": "daiquiri_metadata.column",
  "pk": 277,
  "fields": {
    "table": 6,
    "order": 27,
    "name": "astrometric_n_obs_al",
    "description": "",
    "unit": "",
    "ucd": "",
    "utype": "",
    "datatype": "short",
    "arraysize": null,
    "principal": false,
    "indexed": false,
    "std": false,
    "index_for": "",
    "access_level": "PRIVATE",
    "metadata_access_level": "PRIVATE",
    "groups": []
  }
},
{
  "model": "daiquiri_metadata.column",
  "pk": 278,
  "fields": {
    "table": 6,
    "order": 28,
    "name": "astrometric_n_obs_ac",
    "description": "",
    "unit": "",
    "ucd": "",
    "utype": "",
    "datatype": "short",
    "arraysize": null,
    "principal": false,
    "indexed": false,
    "std": false,
    "index_for": "",
    "access_level": "PRIVATE",
    "metadata_access_level": "PRIVATE",
    "groups": []
  }
},
{
  "model": "daiquiri_metadata.column",
  "pk": 279,
  "fields": {
    "table": 6,
    "order": 29,
    "name": "astrometric_n_good_obs_al",
    "description": "",
    "unit": "",
    "ucd": "",
    "utype": "",
    "datatype": "short",
    "arraysize": null,
    "principal": false,
    "indexed": false,
    "std": false,
    "index_for": "",
    "access_level": "PRIVATE",
    "metadata_access_level": "PRIVATE",
    "groups": []
  }
},
{
  "model": "daiquiri_metadata.column",
  "pk": 280,
  "fields": {
    "table": 6,
    "order": 30,
    "name": "astrometric_n_bad_obs_al",
    "description": "",
    "unit": "",
    "ucd": "",
    "utype": "",
    "datatype": "short",
    "arraysize": null,
    "principal": false,
    "indexed": false,
    "std": false,
    "index_for": "",
    "access_level": "PRIVATE",
    "metadata_access_level": "PRIVATE",
    "groups": []
  }
},
{
  "model": "daiquiri_metadata.column",
  "pk": 281,
  "fields": {
    "table": 6,
    "order": 31,
    "name": "astrometric_gof_al",
    "description": "",
    "unit": "",
    "ucd": "",
    "utype": "",
    "datatype": "double",
    "arraysize": null,
    "principal": false,
    "indexed": false,
    "std": false,
    "index_for": "",
    "access_level": "PRIVATE",
    "metadata_access_level": "PRIVATE",
    "groups": []
  }
},
{
  "model": "daiquiri_metadata.column",
  "pk": 282,
  "fields": {
    "table": 6,
    "order": 32,
    "name": "astrometric_chi2_al",
    "description": "",
    "unit": "",
    "ucd": "",
    "utype": "",
    "datatype": "float",
    "arraysize": null,
    "principal": false,
    "indexed": false,
    "std": false,
    "index_for": "",
    "access_level": "PRIVATE",
    "metadata_access_level": "PRIVATE",
    "groups": []
  }
},
{
  "model": "daiquiri_metadata.column",
  "pk": 283,
  "fields": {
    "table": 6,
    "order": 33,
    "name": "astrometric_excess_noise",
    "description": "",
    "unit": "",
    "ucd": "",
    "utype": "",
    "datatype": "double",
    "arraysize": null,
    "principal": false,
    "indexed": false,
    "std": false,
    "index_for": "",
    "access_level": "PRIVATE",
    "metadata_access_level": "PRIVATE",
    "groups": []
  }
},
{
  "model": "daiquiri_metadata.column",
  "pk": 284,
  "fields": {
    "table": 6,
    "order": 34,
    "name": "astrometric_excess_noise_sig",
    "description": "",
    "unit": "",
    "ucd": "",
    "utype": "",
    "datatype": "double",
    "arraysize": null,
    "principal": false,
    "indexed": false,
    "std": false,
    "index_for": "",
    "access_level": "PRIVATE",
    "metadata_access_level": "PRIVATE",
    "groups": []
  }
},
{
  "model": "daiquiri_metadata.column",
  "pk": 285,
  "fields": {
    "table": 6,
    "order": 35,
    "name": "astrometric_params_solved",
    "description": "",
    "unit": "",
    "ucd": "",
    "utype": "",
    "datatype": "short",
    "arraysize": null,
    "principal": false,
    "indexed": false,
    "std": false,
    "index_for": "",
    "access_level": "PRIVATE",
    "metadata_access_level": "PRIVATE",
    "groups": []
  }
},
{
  "model": "daiquiri_metadata.column",
  "pk": 286,
  "fields": {
    "table": 6,
    "order": 36,
    "name": "astrometric_primary_flag",
    "description": "",
    "unit": "",
    "ucd": "",
    "utype": "",
    "datatype": "char",
    "arraysize": null,
    "principal": false,
    "indexed": false,
    "std": false,
    "index_for": "",
    "access_level": "PRIVATE",
    "metadata_access_level": "PRIVATE",
    "groups": []
  }
},
{
  "model": "daiquiri_metadata.column",
  "pk": 287,
  "fields": {
    "table": 6,
    "order": 37,
    "name": "astrometric_weight_al",
    "description": "",
    "unit": "",
    "ucd": "",
    "utype": "",
    "datatype": "double",
    "arraysize": null,
    "principal": false,
    "indexed": false,
    "std": false,
    "index_for": "",
    "access_level": "PRIVATE",
    "metadata_access_level": "PRIVATE",
    "groups": []
  }
},
{
  "model": "daiquiri_metadata.column",
  "pk": 288,
  "fields": {
    "table": 6,
    "order": 38,
    "name": "astrometric_pseudo_colour",
    "description": "",
    "unit": "",
    "ucd": "",
    "utype": "",
    "datatype": "double",
    "arraysize": null,
    "principal": false,
    "indexed": false,
    "std": false,
    "index_for": "",
    "access_level": "PRIVATE",
    "metadata_access_level": "PRIVATE",
    "groups": []
  }
},
{
  "model": "daiquiri_metadata.column",
  "pk": 289,
  "fields": {
    "table": 6,
    "order": 39,
    "name": "astrometric_pseudo_colour_error",
    "description": "",
    "unit": "",
    "ucd": "",
    "utype": "",
    "datatype": "double",
    "arraysize": null,
    "principal": false,
    "indexed": false,
    "std": false,
    "index_for": "",
    "access_level": "PRIVATE",
    "metadata_access_level": "PRIVATE",
    "groups": []
  }
},
{
  "model": "daiquiri_metadata.column",
  "pk": 290,
  "fields": {
    "table": 6,
    "order": 40,
    "name": "mean_varpi_factor_al",
    "description": "",
    "unit": "",
    "ucd": "",
    "utype": "",
    "datatype": "double",
    "arraysize": null,
    "principal": false,
    "indexed": false,
    "std": false,
    "index_for": "",
    "access_level": "PRIVATE",
    "metadata_access_level": "PRIVATE",
    "groups": []
  }
},
{
  "model": "daiquiri_metadata.column",
  "pk": 291,
  "fields": {
    "table": 6,
    "order": 41,
    "name": "astrometric_matched_observations",
    "description": "",
    "unit": "",
    "ucd": "",
    "utype": "",
    "datatype": "short",
    "arraysize": null,
    "principal": false,
    "indexed": false,
    "std": false,
    "index_for": "",
    "access_level": "PRIVATE",
    "metadata_access_level": "PRIVATE",
    "groups": []
  }
},
{
  "model": "daiquiri_metadata.column",
  "pk": 292,
  "fields": {
    "table": 6,
    "order": 42,
    "name": "visibility_periods_used",
    "description": "",
    "unit": "",
    "ucd": "",
    "utype": "",
    "datatype": "short",
    "arraysize": null,
    "principal": false,
    "indexed": false,
    "std": false,
    "index_for": "",
    "access_level": "PRIVATE",
    "metadata_access_level": "PRIVATE",
    "groups": []
  }
},
{
  "model": "daiquiri_metadata.column",
  "pk": 293,
  "fields": {
    "table": 6,
    "order": 43,
    "name": "astrometric_sigma5d_max",
    "description": "",
    "unit": "",
    "ucd": "",
    "utype": "",
    "datatype": "double",
    "arraysize": null,
    "principal": false,
    "indexed": false,
    "std": false,
    "index_for": "",
    "access_level": "PRIVATE",
    "metadata_access_level": "PRIVATE",
    "groups": []
  }
},
{
  "model": "daiquiri_metadata.column",
  "pk": 294,
  "fields": {
    "table": 6,
    "order": 44,
    "name": "frame_rotator_object_type",
    "description": "",
    "unit": "",
    "ucd": "",
    "utype": "",
    "datatype": "short",
    "arraysize": null,
    "principal": false,
    "indexed": false,
    "std": false,
    "index_for": "",
    "access_level": "PRIVATE",
    "metadata_access_level": "PRIVATE",
    "groups": []
  }
},
{
  "model": "daiquiri_metadata.column",
  "pk": 295,
  "fields": {
    "table": 6,
    "order": 45,
    "name": "matched_observations",
    "description": "",
    "unit": "",
    "ucd": "",
    "utype": "",
    "datatype": "short",
    "arraysize": null,
    "principal": false,
    "indexed": false,
    "std": false,
    "index_for": "",
    "access_level": "PRIVATE",
    "metadata_access_level": "PRIVATE",
    "groups": []
  }
},
{
  "model": "daiquiri_metadata.column",
  "pk": 296,
  "fields": {
    "table": 6,
    "order": 46,
    "name": "duplicated_source",
    "description": "",
    "unit": "",
    "ucd": "",
    "utype": "",
    "datatype": "char",
    "arraysize": null,
    "principal": false,
    "indexed": false,
    "std": false,
    "index_for": "",
    "access_level": "PRIVATE",
    "metadata_access_level": "PRIVATE",
    "groups": []
  }
},
{
  "model": "daiquiri_metadata.column",
  "pk": 297,
  "fields": {
    "table": 6,
    "order": 47,
    "name": "phot_g_n_obs",
    "description": "",
    "unit": "",
    "ucd": "",
    "utype": "",
    "datatype": "short",
    "arraysize": null,
    "principal": false,
    "indexed": false,
    "std": false,
    "index_for": "",
    "access_level": "PRIVATE",
    "metadata_access_level": "PRIVATE",
    "groups": []
  }
},
{
  "model": "daiquiri_metadata.column",
  "pk": 298,
  "fields": {
    "table": 6,
    "order": 48,
    "name": "phot_g_mean_flux",
    "description": "",
    "unit": "",
    "ucd": "",
    "utype": "",
    "datatype": "double",
    "arraysize": null,
    "principal": false,
    "indexed": false,
    "std": false,
    "index_for": "",
    "access_level": "PRIVATE",
    "metadata_access_level": "PRIVATE",
    "groups": []
  }
},
{
  "model": "daiquiri_metadata.column",
  "pk": 299,
  "fields": {
    "table": 6,
    "order": 49,
    "name": "phot_g_mean_flux_error",
    "description": "",
    "unit": "",
    "ucd": "",
    "utype": "",
    "datatype": "double",
    "arraysize": null,
    "principal": false,
    "indexed": false,
    "std": false,
    "index_for": "",
    "access_level": "PRIVATE",
    "metadata_access_level": "PRIVATE",
    "groups": []
  }
},
{
  "model": "daiquiri_metadata.column",
  "pk": 300,
  "fields": {
    "table": 6,
    "order": 50,
    "name": "phot_g_mean_flux_over_error",
    "description": "",
    "unit": "",
    "ucd": "",
    "utype": "",
    "datatype": "float",
    "arraysize": null,
    "principal": false,
    "indexed": false,
    "std": false,
    "index_for": "",
    "access_level": "PRIVATE",
    "metadata_access_level": "PRIVATE",
    "groups": []
  }
},
{
  "model": "daiquiri_metadata.column",
  "pk": 301,
  "fields": {
    "table": 6,
    "order": 51,
    "name": "phot_g_mean_mag",
    "description": "",
    "unit": "",
    "ucd": "",
    "utype": "",
    "datatype": "double",
    "arraysize": null,
    "principal": false,
    "indexed": false,
    "std": false,
    "index_for": "",
    "access_level": "PRIVATE",
    "metadata_access_level": "PRIVATE",
    "groups": []
  }
},
{
  "model": "daiquiri_metadata.column",
  "pk": 302,
  "fields": {
    "table": 6,
    "order": 52,
    "name": "phot_bp_n_obs",
    "description": "",
    "unit": "",
    "ucd": "",
    "utype": "",
    "datatype": "short",
    "arraysize": null,
    "principal": false,
    "indexed": false,
    "std": false,
    "index_for": "",
    "access_level": "PRIVATE",
    "metadata_access_level": "PRIVATE",
    "groups": []
  }
},
{
  "model": "daiquiri_metadata.column",
  "pk": 303,
  "fields": {
    "table": 6,
    "order": 53,
    "name": "phot_bp_mean_flux",
    "description": "",
    "unit": "",
    "ucd": "",
    "utype": "",
    "datatype": "double",
    "arraysize": null,
    "principal": false,
    "indexed": false,
    "std": false,
    "index_for": "",
    "access_level": "PRIVATE",
    "metadata_access_level": "PRIVATE",
    "groups": []
  }
},
{
  "model": "daiquiri_metadata.column",
  "pk": 304,
  "fields": {
    "table": 6,
    "order": 54,
    "name": "phot_bp_mean_flux_error",
    "description": "",
    "unit": "",
    "ucd": "",
    "utype": "",
    "datatype": "double",
    "arraysize": null,
    "principal": false,
    "indexed": false,
    "std": false,
    "index_for": "",
    "access_level": "PRIVATE",
    "metadata_access_level": "PRIVATE",
    "groups": []
  }
},
{
  "model": "daiquiri_metadata.column",
  "pk": 305,
  "fields": {
    "table": 6,
    "order": 55,
    "name": "phot_bp_mean_flux_over_error",
    "description": "",
    "unit": "",
    "ucd": "",
    "utype": "",
    "datatype": "double",
    "arraysize": null,
    "principal": false,
    "indexed": false,
    "std": false,
    "index_for": "",
    "access_level": "PRIVATE",
    "metadata_access_level": "PRIVATE",
    "groups": []
  }
},
{
  "model": "daiquiri_metadata.column",
  "pk": 306,
  "fields": {
    "table": 6,
    "order": 56,
    "name": "phot_bp_mean_mag",
    "description": "",
    "unit": "",
    "ucd": "",
    "utype": "",
    "datatype": "double",
    "arraysize": null,
    "principal": false,
    "indexed": false,
    "std": false,
    "index_for": "",
    "access_level": "PRIVATE",
    "metadata_access_level": "PRIVATE",
    "groups": []
  }
},
{
  "model": "daiquiri_metadata.column",
  "pk": 307,
  "fields": {
    "table": 6,
    "order": 57,
    "name": "phot_rp_n_obs",
    "description": "",
    "unit": "",
    "ucd": "",
    "utype": "",
    "datatype": "short",
    "arraysize": null,
    "principal": false,
    "indexed": false,
    "std": false,
    "index_for": "",
    "access_level": "PRIVATE",
    "metadata_access_level": "PRIVATE",
    "groups": []
  }
},
{
  "model": "daiquiri_metadata.column",
  "pk": 308,
  "fields": {
    "table": 6,
    "order": 58,
    "name": "phot_rp_mean_flux",
    "description": "",
    "unit": "",
    "ucd": "",
    "utype": "",
    "datatype": "double",
    "arraysize": null,
    "principal": false,
    "indexed": false,
    "std": false,
    "index_for": "",
    "access_level": "PRIVATE",
    "metadata_access_level": "PRIVATE",
    "groups": []
  }
},
{
  "model": "daiquiri_metadata.column",
  "pk": 309,
  "fields": {
    "table": 6,
    "order": 59,
    "name": "phot_rp_mean_flux_error",
    "description": "",
    "unit": "",
    "ucd": "",
    "utype": "",
    "datatype": "double",
    "arraysize": null,
    "principal": false,
    "indexed": false,
    "std": false,
    "index_for": "",
    "access_level": "PRIVATE",
    "metadata_access_level": "PRIVATE",
    "groups": []
  }
},
{
  "model": "daiquiri_metadata.column",
  "pk": 310,
  "fields": {
    "table": 6,
    "order": 60,
    "name": "phot_rp_mean_flux_over_error",
    "description": "",
    "unit": "",
    "ucd": "",
    "utype": "",
    "datatype": "double",
    "arraysize": null,
    "principal": false,
    "indexed": false,
    "std": false,
    "index_for": "",
    "access_level": "PRIVATE",
    "metadata_access_level": "PRIVATE",
    "groups": []
  }
},
{
  "model": "daiquiri_metadata.column",
  "pk": 311,
  "fields": {
    "table": 6,
    "order": 61,
    "name": "phot_rp_mean_mag",
    "description": "",
    "unit": "",
    "ucd": "",
    "utype": "",
    "datatype": "double",
    "arraysize": null,
    "principal": false,
    "indexed": false,
    "std": false,
    "index_for": "",
    "access_level": "PRIVATE",
    "metadata_access_level": "PRIVATE",
    "groups": []
  }
},
{
  "model": "daiquiri_metadata.column",
  "pk": 312,
  "fields": {
    "table": 6,
    "order": 62,
    "name": "phot_bp_rp_excess_factor",
    "description": "",
    "unit": "",
    "ucd": "",
    "utype": "",
    "datatype": "double",
    "arraysize": null,
    "principal": false,
    "indexed": false,
    "std": false,
    "index_for": "",
    "access_level": "PRIVATE",
    "metadata_access_level": "PRIVATE",
    "groups": []
  }
},
{
  "model": "daiquiri_metadata.column",
  "pk": 313,
  "fields": {
    "table": 6,
    "order": 63,
    "name": "phot_proc_mode",
    "description": "",
    "unit": "",
    "ucd": "",
    "utype": "",
    "datatype": "short",
    "arraysize": null,
    "principal": false,
    "indexed": false,
    "std": false,
    "index_for": "",
    "access_level": "PRIVATE",
    "metadata_access_level": "PRIVATE",
    "groups": []
  }
},
{
  "model": "daiquiri_metadata.column",
  "pk": 314,
  "fields": {
    "table": 6,
    "order": 64,
    "name": "bp_rp",
    "description": "",
    "unit": "",
    "ucd": "",
    "utype": "",
    "datatype": "double",
    "arraysize": null,
    "principal": false,
    "indexed": false,
    "std": false,
    "index_for": "",
    "access_level": "PRIVATE",
    "metadata_access_level": "PRIVATE",
    "groups": []
  }
},
{
  "model": "daiquiri_metadata.column",
  "pk": 315,
  "fields": {
    "table": 6,
    "order": 65,
    "name": "bp_g",
    "description": "",
    "unit": "",
    "ucd": "",
    "utype": "",
    "datatype": "double",
    "arraysize": null,
    "principal": false,
    "indexed": false,
    "std": false,
    "index_for": "",
    "access_level": "PRIVATE",
    "metadata_access_level": "PRIVATE",
    "groups": []
  }
},
{
  "model": "daiquiri_metadata.column",
  "pk": 316,
  "fields": {
    "table": 6,
    "order": 66,
    "name": "g_rp",
    "description": "",
    "unit": "",
    "ucd": "",
    "utype": "",
    "datatype": "double",
    "arraysize": null,
    "principal": false,
    "indexed": false,
    "std": false,
    "index_for": "",
    "access_level": "PRIVATE",
    "metadata_access_level": "PRIVATE",
    "groups": []
  }
},
{
  "model": "daiquiri_metadata.column",
  "pk": 317,
  "fields": {
    "table": 6,
    "order": 67,
    "name": "radial_velocity",
    "description": "",
    "unit": "",
    "ucd": "",
    "utype": "",
    "datatype": "double",
    "arraysize": null,
    "principal": false,
    "indexed": false,
    "std": false,
    "index_for": "",
    "access_level": "PRIVATE",
    "metadata_access_level": "PRIVATE",
    "groups": []
  }
},
{
  "model": "daiquiri_metadata.column",
  "pk": 318,
  "fields": {
    "table": 6,
    "order": 68,
    "name": "radial_velocity_error",
    "description": "",
    "unit": "",
    "ucd": "",
    "utype": "",
    "datatype": "double",
    "arraysize": null,
    "principal": false,
    "indexed": false,
    "std": false,
    "index_for": "",
    "access_level": "PRIVATE",
    "metadata_access_level": "PRIVATE",
    "groups": []
  }
},
{
  "model": "daiquiri_metadata.column",
  "pk": 319,
  "fields": {
    "table": 6,
    "order": 69,
    "name": "rv_nb_transits",
    "description": "",
    "unit": "",
    "ucd": "",
    "utype": "",
    "datatype": "short",
    "arraysize": null,
    "principal": false,
    "indexed": false,
    "std": false,
    "index_for": "",
    "access_level": "PRIVATE",
    "metadata_access_level": "PRIVATE",
    "groups": []
  }
},
{
  "model": "daiquiri_metadata.column",
  "pk": 320,
  "fields": {
    "table": 6,
    "order": 70,
    "name": "rv_template_teff",
    "description": "",
    "unit": "",
    "ucd": "",
    "utype": "",
    "datatype": "float",
    "arraysize": null,
    "principal": false,
    "indexed": false,
    "std": false,
    "index_for": "",
    "access_level": "PRIVATE",
    "metadata_access_level": "PRIVATE",
    "groups": []
  }
},
{
  "model": "daiquiri_metadata.column",
  "pk": 321,
  "fields": {
    "table": 6,
    "order": 71,
    "name": "rv_template_logg",
    "description": "",
    "unit": "",
    "ucd": "",
    "utype": "",
    "datatype": "float",
    "arraysize": null,
    "principal": false,
    "indexed": false,
    "std": false,
    "index_for": "",
    "access_level": "PRIVATE",
    "metadata_access_level": "PRIVATE",
    "groups": []
  }
},
{
  "model": "daiquiri_metadata.column",
  "pk": 322,
  "fields": {
    "table": 6,
    "order": 72,
    "name": "rv_template_fe_h",
    "description": "",
    "unit": "",
    "ucd": "",
    "utype": "",
    "datatype": "float",
    "arraysize": null,
    "principal": false,
    "indexed": false,
    "std": false,
    "index_for": "",
    "access_level": "PRIVATE",
    "metadata_access_level": "PRIVATE",
    "groups": []
  }
},
{
  "model": "daiquiri_metadata.column",
  "pk": 323,
  "fields": {
    "table": 6,
    "order": 73,
    "name": "phot_variable_flag",
    "description": "",
    "unit": "",
    "ucd": "",
    "utype": "",
    "datatype": "char",
    "arraysize": null,
    "principal": false,
    "indexed": false,
    "std": false,
    "index_for": "",
    "access_level": "PRIVATE",
    "metadata_access_level": "PRIVATE",
    "groups": []
  }
},
{
  "model": "daiquiri_metadata.column",
  "pk": 324,
  "fields": {
    "table": 6,
    "order": 74,
    "name": "l",
    "description": "",
    "unit": "",
    "ucd": "",
    "utype": "",
    "datatype": "double",
    "arraysize": null,
    "principal": false,
    "indexed": false,
    "std": false,
    "index_for": "",
    "access_level": "PRIVATE",
    "metadata_access_level": "PRIVATE",
    "groups": []
  }
},
{
  "model": "daiquiri_metadata.column",
  "pk": 325,
  "fields": {
    "table": 6,
    "order": 75,
    "name": "b",
    "description": "",
    "unit": "",
    "ucd": "",
    "utype": "",
    "datatype": "double",
    "arraysize": null,
    "principal": false,
    "indexed": false,
    "std": false,
    "index_for": "",
    "access_level": "PRIVATE",
    "metadata_access_level": "PRIVATE",
    "groups": []
  }
},
{
  "model": "daiquiri_metadata.column",
  "pk": 326,
  "fields": {
    "table": 6,
    "order": 76,
    "name": "ecl_lon",
    "description": "",
    "unit": "",
    "ucd": "",
    "utype": "",
    "datatype": "double",
    "arraysize": null,
    "principal": false,
    "indexed": false,
    "std": false,
    "index_for": "",
    "access_level": "PRIVATE",
    "metadata_access_level": "PRIVATE",
    "groups": []
  }
},
{
  "model": "daiquiri_metadata.column",
  "pk": 327,
  "fields": {
    "table": 6,
    "order": 77,
    "name": "ecl_lat",
    "description": "",
    "unit": "",
    "ucd": "",
    "utype": "",
    "datatype": "double",
    "arraysize": null,
    "principal": false,
    "indexed": false,
    "std": false,
    "index_for": "",
    "access_level": "PRIVATE",
    "metadata_access_level": "PRIVATE",
    "groups": []
  }
},
{
  "model": "daiquiri_metadata.column",
  "pk": 328,
  "fields": {
    "table": 6,
    "order": 78,
    "name": "priam_flags",
    "description": "",
    "unit": "",
    "ucd": "",
    "utype": "",
    "datatype": "int",
    "arraysize": null,
    "principal": false,
    "indexed": false,
    "std": false,
    "index_for": "",
    "access_level": "PRIVATE",
    "metadata_access_level": "PRIVATE",
    "groups": []
  }
},
{
  "model": "daiquiri_metadata.column",
  "pk": 329,
  "fields": {
    "table": 6,
    "order": 79,
    "name": "teff_val",
    "description": "",
    "unit": "",
    "ucd": "",
    "utype": "",
    "datatype": "float",
    "arraysize": null,
    "principal": false,
    "indexed": false,
    "std": false,
    "index_for": "",
    "access_level": "PRIVATE",
    "metadata_access_level": "PRIVATE",
    "groups": []
  }
},
{
  "model": "daiquiri_metadata.column",
  "pk": 330,
  "fields": {
    "table": 6,
    "order": 80,
    "name": "teff_percentile_lower",
    "description": "",
    "unit": "",
    "ucd": "",
    "utype": "",
    "datatype": "float",
    "arraysize": null,
    "principal": false,
    "indexed": false,
    "std": false,
    "index_for": "",
    "access_level": "PRIVATE",
    "metadata_access_level": "PRIVATE",
    "groups": []
  }
},
{
  "model": "daiquiri_metadata.column",
  "pk": 331,
  "fields": {
    "table": 6,
    "order": 81,
    "name": "teff_percentile_upper",
    "description": "",
    "unit": "",
    "ucd": "",
    "utype": "",
    "datatype": "float",
    "arraysize": null,
    "principal": false,
    "indexed": false,
    "std": false,
    "index_for": "",
    "access_level": "PRIVATE",
    "metadata_access_level": "PRIVATE",
    "groups": []
  }
},
{
  "model": "daiquiri_metadata.column",
  "pk": 332,
  "fields": {
    "table": 6,
    "order": 82,
    "name": "a_g_val",
    "description": "",
    "unit": "",
    "ucd": "",
    "utype": "",
    "datatype": "float",
    "arraysize": null,
    "principal": false,
    "indexed": false,
    "std": false,
    "index_for": "",
    "access_level": "PRIVATE",
    "metadata_access_level": "PRIVATE",
    "groups": []
  }
},
{
  "model": "daiquiri_metadata.column",
  "pk": 333,
  "fields": {
    "table": 6,
    "order": 83,
    "name": "a_g_percentile_lower",
    "description": "",
    "unit": "",
    "ucd": "",
    "utype": "",
    "datatype": "float",
    "arraysize": null,
    "principal": false,
    "indexed": false,
    "std": false,
    "index_for": "",
    "access_level": "PRIVATE",
    "metadata_access_level": "PRIVATE",
    "groups": []
  }
},
{
  "model": "daiquiri_metadata.column",
  "pk": 334,
  "fields": {
    "table": 6,
    "order": 84,
    "name": "a_g_percentile_upper",
    "description": "",
    "unit": "",
    "ucd": "",
    "utype": "",
    "datatype": "float",
    "arraysize": null,
    "principal": false,
    "indexed": false,
    "std": false,
    "index_for": "",
    "access_level": "PRIVATE",
    "metadata_access_level": "PRIVATE",
    "groups": []
  }
},
{
  "model": "daiquiri_metadata.column",
  "pk": 335,
  "fields": {
    "table": 6,
    "order": 85,
    "name": "e_bp_min_rp_val",
    "description": "",
    "unit": "",
    "ucd": "",
    "utype": "",
    "datatype": "float",
    "arraysize": null,
    "principal": false,
    "indexed": false,
    "std": false,
    "index_for": "",
    "access_level": "PRIVATE",
    "metadata_access_level": "PRIVATE",
    "groups": []
  }
},
{
  "model": "daiquiri_metadata.column",
  "pk": 336,
  "fields": {
    "table": 6,
    "order": 86,
    "name": "e_bp_min_rp_percentile_lower",
    "description": "",
    "unit": "",
    "ucd": "",
    "utype": "",
    "datatype": "float",
    "arraysize": null,
    "principal": false,
    "indexed": false,
    "std": false,
    "index_for": "",
    "access_level": "PRIVATE",
    "metadata_access_level": "PRIVATE",
    "groups": []
  }
},
{
  "model": "daiquiri_metadata.column",
  "pk": 337,
  "fields": {
    "table": 6,
    "order": 87,
    "name": "e_bp_min_rp_percentile_upper",
    "description": "",
    "unit": "",
    "ucd": "",
    "utype": "",
    "datatype": "float",
    "arraysize": null,
    "principal": false,
    "indexed": false,
    "std": false,
    "index_for": "",
    "access_level": "PRIVATE",
    "metadata_access_level": "PRIVATE",
    "groups": []
  }
},
{
  "model": "daiquiri_metadata.column",
  "pk": 338,
  "fields": {
    "table": 6,
    "order": 88,
    "name": "flame_flags",
    "description": "",
    "unit": "",
    "ucd": "",
    "utype": "",
    "datatype": "int",
    "arraysize": null,
    "principal": false,
    "indexed": false,
    "std": false,
    "index_for": "",
    "access_level": "PRIVATE",
    "metadata_access_level": "PRIVATE",
    "groups": []
  }
},
{
  "model": "daiquiri_metadata.column",
  "pk": 339,
  "fields": {
    "table": 6,
    "order": 89,
    "name": "radius_val",
    "description": "",
    "unit": "",
    "ucd": "",
    "utype": "",
    "datatype": "double",
    "arraysize": null,
    "principal": false,
    "indexed": false,
    "std": false,
    "index_for": "",
    "access_level": "PRIVATE",
    "metadata_access_level": "PRIVATE",
    "groups": []
  }
},
{
  "model": "daiquiri_metadata.column",
  "pk": 340,
  "fields": {
    "table": 6,
    "order": 90,
    "name": "radius_percentile_lower",
    "description": "",
    "unit": "",
    "ucd": "",
    "utype": "",
    "datatype": "double",
    "arraysize": null,
    "principal": false,
    "indexed": false,
    "std": false,
    "index_for": "",
    "access_level": "PRIVATE",
    "metadata_access_level": "PRIVATE",
    "groups": []
  }
},
{
  "model": "daiquiri_metadata.column",
  "pk": 341,
  "fields": {
    "table": 6,
    "order": 91,
    "name": "radius_percentile_upper",
    "description": "",
    "unit": "",
    "ucd": "",
    "utype": "",
    "datatype": "double",
    "arraysize": null,
    "principal": false,
    "indexed": false,
    "std": false,
    "index_for": "",
    "access_level": "PRIVATE",
    "metadata_access_level": "PRIVATE",
    "groups": []
  }
},
{
  "model": "daiquiri_metadata.column",
  "pk": 342,
  "fields": {
    "table": 6,
    "order": 92,
    "name": "lum_val",
    "description": "",
    "unit": "",
    "ucd": "",
    "utype": "",
    "datatype": "double",
    "arraysize": null,
    "principal": false,
    "indexed": false,
    "std": false,
    "index_for": "",
    "access_level": "PRIVATE",
    "metadata_access_level": "PRIVATE",
    "groups": []
  }
},
{
  "model": "daiquiri_metadata.column",
  "pk": 343,
  "fields": {
    "table": 6,
    "order": 93,
    "name": "lum_percentile_lower",
    "description": "",
    "unit": "",
    "ucd": "",
    "utype": "",
    "datatype": "double",
    "arraysize": null,
    "principal": false,
    "indexed": false,
    "std": false,
    "index_for": "",
    "access_level": "PRIVATE",
    "metadata_access_level": "PRIVATE",
    "groups": []
  }
},
{
  "model": "daiquiri_metadata.column",
  "pk": 344,
  "fields": {
    "table": 6,
    "order": 94,
    "name": "lum_percentile_upper",
    "description": "",
    "unit": "",
    "ucd": "",
    "utype": "",
    "datatype": "double",
    "arraysize": null,
    "principal": false,
    "indexed": false,
    "std": false,
    "index_for": "",
    "access_level": "PRIVATE",
    "metadata_access_level": "PRIVATE",
    "groups": []
  }
},
{
  "model": "daiquiri_query.example",
  "pk": 1,
  "fields": {
    "order": null,
    "name": "DES DR2 Sample of 1000 bright stars",
    "description": "SAMPLE OF 1000 BRIGHT STARS\nSelecting magnitudes of 1000 bright stars in g band\nwith quality given by flags_g and star/galaxy classification given by extended_class_coadd\nFLAGS_[G,R,I,Z,Y] contains 8 flag bits with basic warnings about the source extraction process, in order of increasing concern. For instance:\n1 aperture photometry is likely to be biased by neighboring sources or by more than 10% of bad pixels in any aperture\n2 the object has been deblended (you would want to keep this on regions that are a bit crowded, like a galaxy cluster)\n4 at least one object pixel is saturated\n\nEXTENDED_CLASS_COADD (classification of objects as stars or galaxies):\n0 - very likely a star (pure sample of stars)\n1 - likely a star, but a contamination of galaxies is expected (more complete sample of stars)\n2 - likely a galaxy, but a contamination of stars is expected) (more complete sample of galaxies)\n3 - very likely a galaxy (pure sample of galaxies)\n-99 - flag (no data)\n\nThe stars were observed at least in one image (nepochs_g >= 1).\n\nSee DR2 paper (https://arxiv.org/pdf/2101.05765.pdf) for a complete description of columns.",
    "query_language": "adql-2.0",
    "query_string": "-- SAMPLE OF 1000 BRIGHT STARS\n-- Selecting magnitudes of 1000 bright stars in g band\n-- with quality given by flags_g and star/galaxy classification given by extended_class_coadd\n-- FLAGS_[G,R,I,Z,Y] contains 8 flag bits with basic warnings about the source extraction process, in order of increasing concern. For instance:\n-- 1 aperture photometry is likely to be biased by neighboring sources or by more than 10% of bad pixels in any aperture\n-- 2 the object has been deblended (you would want to keep this on regions that are a bit crowded, like a galaxy cluster)\n-- 4 at least one object pixel is saturated\n-- EXTENDED_CLASS_COADD (classification of objects as stars or galaxies):\n-- 0 - very likely a star (pure sample of stars)\n-- 1 - likely a star, but a contamination of galaxies is expected (more complete sample of stars)\n-- 2 - likely a galaxy, but a contamination of stars is expected) (more complete sample of galaxies)\n-- 3 - very likely a galaxy (pure sample of galaxies)\n-- -99 - flag (no data)\n-- The stars were observed at least in one image (nepochs_g >= 1).\n-- See DR2 paper (https://arxiv.org/pdf/2101.05765.pdf) for a complete description of columns.\n\nSELECT top 1000 ra, dec, wavg_mag_psf_g, flags_g, extended_class_coadd, nepochs_g\nFROM des_dr2.coadd_objects\nWHERE ABS(extended_class_coadd) < 2\nAND flags_g < 4\nAND wavg_mag_psf_g < 20\nAND nepochs_g >= 1",
    "access_level": "PUBLIC",
    "groups": []
  }
},
{
  "model": "daiquiri_query.example",
  "pk": 2,
  "fields": {
    "order": null,
    "name": "DES DR2 Pure sample of 1000 bright galaxies in i band",
    "description": "PURE SAMPLE OF 1000 BRIGHT GALAXIES IN I BAND\nSelecting i magnitudes of 1000 bright galaxies corrected by extinction (Schlegel+1998)\n with quality given by flags_i and star/galaxy classification given by extended_class_coadd.\n\nFLAGS_[G,R,I,Z,Y] contains 8 flag bits with basic warnings about the source extraction process:\n 1 aperture photometry is likely to be biased by neighboring sources or by more than 10% of bad pixels in any aperture \n 2 the object has been deblended (you would want to keep this on regions that are a bit crowded, like a galaxy cluster)\n 4 at least one object pixel is saturated\nEXTENDED_CLASS_COADD (classification of objects as stars or galaxies):\n 0 - very likely a star (pure sample of stars)\n 1 - likely a star, but a contamination of galaxies is expected (more complete sample of stars)\n 2 - likely a galaxy, but a contamination of stars is expected (more complete sample of galaxies)\n 3 - very likely a galaxy (pure sample of galaxies)\n -99 - flag (no data)\n The galaxies were observed at least in one image (nepochs_i >= 1).\n See DR2 paper (https://arxiv.org/pdf/2101.05765.pdf) for a complete description of columns.",
    "query_language": "adql-2.0",
    "query_string": "-- PURE SAMPLE OF 1000 BRIGHT GALAXIES IN I BAND\n-- Selecting i magnitudes of 1000 bright galaxies corrected by extinction (Schlegel+1998)\n-- with quality given by flags_i and star/galaxy classification given by extended_class_coadd.\n-- FLAGS_[G,R,I,Z,Y] contains 8 flag bits with basic warnings about the source extraction process:\n-- 1 aperture photometry is likely to be biased by neighboring sources or by more than 10% of bad pixels in any aperture\n-- 2 the object has been deblended (you would want to keep this on regions that are a bit crowded, like a galaxy cluster)\n-- 4 at least one object pixel is saturated\n-- EXTENDED_CLASS_COADD (classification of objects as stars or galaxies):\n-- 0 - very likely a star (pure sample of stars)\n-- 1 - likely a star, but a contamination of galaxies is expected (more complete sample of stars)\n-- 2 - likely a galaxy, but a contamination of stars is expected (more complete sample of galaxies)\n-- 3 - very likely a galaxy (pure sample of galaxies)\n-- -99 - flag (no data)\n-- The galaxies were observed at least in one image (nepochs_i >= 1).\n-- See DR2 paper (https://arxiv.org/pdf/2101.05765.pdf) for a complete description of columns.\n\nSELECT top 1000 coadd_object_id, ra, dec, mag_auto_i_dered, flags_i, extended_class_coadd, nepochs_i\nFROM des_dr2.coadd_objects\nWHERE ABS(extended_class_coadd) > 2\nAND flags_i < 4\nAND mag_auto_i_dered < 21\nAND nepochs_i >= 1",
    "access_level": "PUBLIC",
    "groups": []
  }
},
{
  "model": "daiquiri_query.example",
  "pk": 3,
  "fields": {
    "order": null,
    "name": "DES DR2 Checking star-galaxy classification by color-color diagram",
    "description": "Checking star-galaxy classification by color-color diagram with a pure sample of bright stars",
    "query_language": "adql-2.0",
    "query_string": "-- CHECKING STAR-GALAXY CLASSIFICATION BY COLOR-COLOR DIAGRAM WITH A PURE SAMPLE OF BRIGHT STARS\n\nSELECT top 1000 ra, dec, wavg_mag_psf_g_dered, wavg_mag_psf_r_dered, wavg_mag_psf_i_dered, wavg_mag_psf_g_dered-wavg_mag_psf_r_dered as gr_color, wavg_mag_psf_r_dered-wavg_mag_psf_i_dered as ri_color\nFROM des_dr2.coadd_objects\nAND ABS(extended_class_coadd) < 1\nAND flags_g < 4\nAND flags_r < 4\nAND flags_i < 4\nAND ABS(wavg_mag_psf_g_dered) < 22.\nAND ABS(wavg_mag_psf_r_dered) < 22.\nAND ABS(wavg_mag_psf_i_dered) < 22.",
    "access_level": "PUBLIC",
    "groups": []
  }
},
{
  "model": "daiquiri_query.example",
  "pk": 4,
  "fields": {
    "order": null,
    "name": "DES DR2 CMD of a pure sample of 1000 bright galaxies in i band",
    "description": "CMD OF A PURE SAMPLE OF 1000 BRIGHT GALAXIES IN I BAND\nSelecting magnitudes of a sample of 1000 bright galaxies in r and i band corrected by extinction (Schlegel+1998)\nwith quality given by flags_i and star/galaxy classification given by extended_class_coadd.\nFLAGS_[G,R,I,Z,Y] contains 8 flag bits with basic warnings about the source extraction process:\n 1 aperture photometry is likely to be biased by neighboring sources or by more than 10% of bad pixels in any aperture\n 2 the object has been deblended (you would want to keep this on regions that are a bit crowded, like a galaxy cluster)\n 4 at least one object pixel is saturated\nEXTENDED_CLASS_COADD (classification of objects as stars or galaxies):\n 0 - very likely a star (pure sample of stars)\n 1 - likely a star, but a contamination of galaxies is expected (more complete sample of stars)\n 2 - likely a galaxy, but a contamination of stars is expected (more complete sample of galaxies)\n 3 - very likely a galaxy (pure sample of galaxies)\n -99 - flag (no data)\nThe galaxies were observed at least in one image (nepochs_i >= 1).\n\n(r-i) color is calculated in order to plot a CMD.\n\nSee DR2 paper (https://arxiv.org/pdf/2101.05765.pdf) for a complete description of columns.",
    "query_language": "adql-2.0",
    "query_string": "-- CMD OF A PURE SAMPLE OF 1000 BRIGHT GALAXIES IN I BAND\n-- Selecting magnitudes of a sample of 1000 bright galaxies in r and i band corrected by extinction (Schlegel+1998)\n-- with quality given by flags_i and star/galaxy classification given by extended_class_coadd.\n-- FLAGS_[G,R,I,Z,Y] contains 8 flag bits with basic warnings about the source extraction process:\n-- 1 aperture photometry is likely to be biased by neighboring sources or by more than 10% of bad pixels in any aperture\n-- 2 the object has been deblended (you would want to keep this on regions that are a bit crowded, like a galaxy cluster)\n-- 4 at least one object pixel is saturated\n-- EXTENDED_CLASS_COADD (classification of objects as stars or galaxies):\n-- 0 - very likely a star (pure sample of stars)\n-- 1 - likely a star, but a contamination of galaxies is expected (more complete sample of stars)\n-- 2 - likely a galaxy, but a contamination of stars is expected (more complete sample of galaxies)\n-- 3 - very likely a galaxy (pure sample of galaxies)\n-- -99 - flag (no data)\n-- The galaxies were observed at least in one image (nepochs_i >= 1).\n-- See DR2 paper (https://arxiv.org/pdf/2101.05765.pdf) for a complete description of columns.\n-- (r-i) color is calculated in order to plot a CMD.\n\nSELECT top 1000 coadd_object_id, ra, dec, mag_auto_r_dered, mag_auto_i_dered, flags_r, flags_i, extended_class_coadd, nepochs_i,\nmag_auto_r_dered - mag_auto_i_dered as ri_color\nFROM des_dr2.coadd_objects\nWHERE ABS(extended_class_coadd) > 2\nAND flags_i < 4\nAND flags_r < 4\nAND mag_auto_i_dered < 21\nAND nepochs_r >= 1\nAND nepochs_i >= 1",
    "access_level": "PUBLIC",
    "groups": []
  }
},
{
  "model": "daiquiri_query.example",
  "pk": 5,
  "fields": {
    "order": null,
    "name": "DES DR2 Magnitude errors for mag_auto",
    "description": "Magnitude errors for mag_auto",
    "query_language": "adql-2.0",
    "query_string": "-- MAGNITUDE ERRORS FOR MAG_AUTO\n\nSELECT top 1000 mag_auto_g, magerr_auto_g,\nmag_auto_r, magerr_auto_r,\nmag_auto_i, magerr_auto_i,\nflags_g, flags_r, flags_i,\nnepochs_g, nepochs_r, nepochs_i\nFROM des_dr2.coadd_objects\nWHERE flags_g < 4\nAND flags_r < 4\nAND flags_i < 4\nAND nepochs_g >= 1\nAND nepochs_r >= 1\nAND nepochs_i >= 1",
    "access_level": "PUBLIC",
    "groups": []
  }
},
{
  "model": "daiquiri_query.example",
  "pk": 6,
  "fields": {
    "order": null,
    "name": "DES DR2 Selecting stars in a box near Sculptor dwarf galaxy",
    "description": "Selecting stars in a box near Sculptor dwarf galaxy",
    "query_language": "adql-2.0",
    "query_string": "-- SELECTING STARS IN A BOX NEAR SCULPTOR DWARF GALAXY!\n\nSELECT top 100 ra, dec, mag_auto_g_dered, mag_auto_r_dered, mag_auto_g_dered - mag_auto_r_dered as gr_dered\nFROM des_dr2.coadd_objects\nWHERE (ra > 15.0183 - 0.02)\nAND (ra < 15.0183 + 0.02)\nAND (dec > -33.719 - 0.02)\nAND (dec < -33.719 + 0.02)\nAND ABS(extended_class_coadd) < 2\nAND flags_g < 4\nAND flags_r < 4",
    "access_level": "PUBLIC",
    "groups": []
  }
}
]
